score,site,views,title,url,retrieved
1798,stackoverflow,3105585,"How do I completely uninstall Node.js, and reinstall from beginning (Mac OS X)",https://stackoverflow.com/questions/11177954/how-do-i-completely-uninstall-node-js-and-reinstall-from-beginning-mac-os-x,2026-09-24
1504,stackoverflow,978726,How to remove old Docker containers,https://stackoverflow.com/questions/17236796/how-to-remove-old-docker-containers,2026-09-24
1179,stackoverflow,1603894,How can I delete all local Docker images?,https://stackoverflow.com/questions/44785585/how-can-i-delete-all-local-docker-images,2026-09-24
1074,stackoverflow,323181,How to deal with persistent storage (e.g. databases) in Docker,https://stackoverflow.com/questions/18496940/how-to-deal-with-persistent-storage-e-g-databases-in-docker,2026-09-24
1073,apple,1455419,List of all packages installed using Homebrew,https://apple.stackexchange.com/questions/101090/list-of-all-packages-installed-using-homebrew,2026-09-24
903,stackoverflow,1799710,"Angular 6 - Could not find module ""@angular-devkit/build-angular""",https://stackoverflow.com/questions/50333003/angular-6-could-not-find-module-angular-devkit-build-angular,2026-09-24
893,stackoverflow,748657,How does one remove a Docker image?,https://stackoverflow.com/questions/17665283/how-does-one-remove-a-docker-image,2026-09-24
721,stackoverflow,1177561,"pip uses incorrect cached package version, instead of the user-specified version",https://stackoverflow.com/questions/9510474/pip-uses-incorrect-cached-package-version-instead-of-the-user-specified-version,2026-09-24
689,stackoverflow,478255,How can I use local Docker images with Minikube?,https://stackoverflow.com/questions/42564058/how-can-i-use-local-docker-images-with-minikube,2026-09-24
657,apple,954842,Shortcut for toggling between different windows of same app?,https://apple.stackexchange.com/questions/193937/shortcut-for-toggling-between-different-windows-of-same-app,2026-09-24
600,stackoverflow,1943225,How can I update npm on Windows?,https://stackoverflow.com/questions/18412129/how-can-i-update-npm-on-windows,2026-09-24
589,apple,230555,"Remap ""Home"" and ""End"" to beginning and end of line",https://apple.stackexchange.com/questions/16135/remap-home-and-end-to-beginning-and-end-of-line,2026-09-24
571,apple,364487,How do I disable Chrome's two-finger back/forward navigation?,https://apple.stackexchange.com/questions/21236/how-do-i-disable-chromes-two-finger-back-forward-navigation,2026-09-24
567,apple,372693,What is the difference between `brew` and `brew cask`?,https://apple.stackexchange.com/questions/125468/what-is-the-difference-between-brew-and-brew-cask,2026-09-24
527,stackoverflow,493555,How to clear cache in Yarn?,https://stackoverflow.com/questions/39991508/how-to-clear-cache-in-yarn,2026-09-24
504,stackoverflow,649112,Is it safe to clean docker/overlay2/,https://stackoverflow.com/questions/46672001/is-it-safe-to-clean-docker-overlay2,2026-09-24
451,apple,683313,mds and mds_stores constantly consuming cpu,https://apple.stackexchange.com/questions/144474/mds-and-mds-stores-constantly-consuming-cpu,2026-09-24
417,stackoverflow,199522,What is a dangling image and what is an unused image?,https://stackoverflow.com/questions/45142528/what-is-a-dangling-image-and-what-is-an-unused-image,2026-09-24
415,stackoverflow,517482,How can I delete derived data in Xcode 8?,https://stackoverflow.com/questions/38016143/how-can-i-delete-derived-data-in-xcode-8,2026-09-24
401,stackoverflow,395737,What is pip's `--no-cache-dir` good for?,https://stackoverflow.com/questions/45594707/what-is-pips-no-cache-dir-good-for,2026-09-24
394,stackoverflow,176472,Delete node_modules folder recursively from a specified path using command line,https://stackoverflow.com/questions/42950501/delete-node-modules-folder-recursively-from-a-specified-path-using-command-line,2026-09-24
393,stackoverflow,336329,"Docker is in volume in use, but there aren't any Docker containers",https://stackoverflow.com/questions/34658836/docker-is-in-volume-in-use-but-there-arent-any-docker-containers,2026-09-24
390,stackoverflow,764298,"An error, ""failed to solve with frontend dockerfile.v0""",https://stackoverflow.com/questions/64221861/an-error-failed-to-solve-with-frontend-dockerfile-v0,2026-09-24
377,stackoverflow,632650,How to Delete node_modules - Deep Nested Folder in Windows,https://stackoverflow.com/questions/28175200/how-to-delete-node-modules-deep-nested-folder-in-windows,2026-09-24
362,apple,677408,How do I downgrade node or install a specific previous version using homebrew?,https://apple.stackexchange.com/questions/171530/how-do-i-downgrade-node-or-install-a-specific-previous-version-using-homebrew,2026-09-24
357,stackoverflow,287723,Can I safely delete contents of Xcode Derived data folder?,https://stackoverflow.com/questions/18933321/can-i-safely-delete-contents-of-xcode-derived-data-folder,2026-09-24
353,stackoverflow,423077,"standard_init_linux.go:178: exec user process caused ""exec format error""",https://stackoverflow.com/questions/42494853/standard-init-linux-go178-exec-user-process-caused-exec-format-error,2026-09-24
321,apple,142632,Applications Don't Show Up in Spotlight,https://apple.stackexchange.com/questions/62715/applications-dont-show-up-in-spotlight,2026-09-24
317,stackoverflow,672440,How do I do a clean install (delete node_modules and install) with npm?,https://stackoverflow.com/questions/11351784/how-do-i-do-a-clean-install-delete-node-modules-and-install-with-npm,2026-09-24
312,stackoverflow,522571,How to disable a ts rule for a specific line?,https://stackoverflow.com/questions/43618878/how-to-disable-a-ts-rule-for-a-specific-line,2026-09-24
296,stackoverflow,546190,How to delete images from a private docker registry?,https://stackoverflow.com/questions/25436742/how-to-delete-images-from-a-private-docker-registry,2026-09-24
295,stackoverflow,196848,"""The file ""MyApp.app"" couldn't be opened because you don't have permission to view it"" when running app in Xcode 6 Beta 4",https://stackoverflow.com/questions/24924809/the-file-myapp-app-couldnt-be-opened-because-you-dont-have-permission-to-vi,2026-09-24
294,stackoverflow,351943,Can’t delete docker image with dependent child images,https://stackoverflow.com/questions/38118791/can-t-delete-docker-image-with-dependent-child-images,2026-09-24
291,stackoverflow,130443,Xcode : failed to get the task for process,https://stackoverflow.com/questions/18913676/xcode-failed-to-get-the-task-for-process,2026-09-24
290,stackoverflow,558355,Browserslist: caniuse-lite is outdated. Please run next command `npm update caniuse-lite browserslist`,https://stackoverflow.com/questions/55271798/browserslist-caniuse-lite-is-outdated-please-run-next-command-npm-update-cani,2026-09-24
288,apple,165841,How can I save tabs in iTerm 2 so they restore the next time the app is run?,https://apple.stackexchange.com/questions/22445/how-can-i-save-tabs-in-iterm-2-so-they-restore-the-next-time-the-app-is-run,2026-09-24
286,stackoverflow,243880,Xcode 10: A valid provisioning profile for this executable was not found,https://stackoverflow.com/questions/52424462/xcode-10-a-valid-provisioning-profile-for-this-executable-was-not-found,2026-09-24
285,stackoverflow,330374,"Docker error cannot delete docker container, conflict: unable to remove repository reference",https://stackoverflow.com/questions/33907835/docker-error-cannot-delete-docker-container-conflict-unable-to-remove-reposito,2026-09-24
282,stackoverflow,755673,"npm ERR! Error: EPERM: operation not permitted, rename",https://stackoverflow.com/questions/39293636/npm-err-error-eperm-operation-not-permitted-rename,2026-09-24
282,stackoverflow,532316,How can I backup a Docker-container with its data-volumes?,https://stackoverflow.com/questions/26331651/how-can-i-backup-a-docker-container-with-its-data-volumes,2026-09-24
282,stackoverflow,280981,Docker Desktop WSL ext4.vhdx too large,https://stackoverflow.com/questions/70946140/docker-desktop-wsl-ext4-vhdx-too-large,2026-09-24
281,apple,656724,Where can I find the installed package path via brew,https://apple.stackexchange.com/questions/145437/where-can-i-find-the-installed-package-path-via-brew,2026-09-24
280,stackoverflow,267067,How can I delete Docker's images?,https://stackoverflow.com/questions/21398087/how-can-i-delete-dockers-images,2026-09-24
280,apple,133077,"""File Open"" dialog is missing sidebar items",https://apple.stackexchange.com/questions/208205/file-open-dialog-is-missing-sidebar-items,2026-09-24
269,stackoverflow,825975,Xcode 10.2.1 Command PhaseScriptExecution failed with a nonzero exit code,https://stackoverflow.com/questions/53289524/xcode-10-2-1-command-phasescriptexecution-failed-with-a-nonzero-exit-code,2026-09-24
266,apple,755642,How can I manually delete old backups to free space for Time Machine?,https://apple.stackexchange.com/questions/39287/how-can-i-manually-delete-old-backups-to-free-space-for-time-machine,2026-09-24
262,stackoverflow,388425,"When I run `npm install`, it returns with `ERR! code EINTEGRITY` (npm 5.3.0)",https://stackoverflow.com/questions/47545940/when-i-run-npm-install-it-returns-with-err-code-eintegrity-npm-5-3-0,2026-09-24
262,apple,381897,"Is there a Mac OS X Terminal version of the ""free"" command in Linux systems?",https://apple.stackexchange.com/questions/4286/is-there-a-mac-os-x-terminal-version-of-the-free-command-in-linux-systems,2026-09-24
261,stackoverflow,295116,"The environment is inconsistent, please check the package plan carefully",https://stackoverflow.com/questions/55527354/the-environment-is-inconsistent-please-check-the-package-plan-carefully,2026-09-24
261,stackoverflow,112625,When to use Yarn over NPM? What are the differences?,https://stackoverflow.com/questions/40027819/when-to-use-yarn-over-npm-what-are-the-differences,2026-09-24
245,stackoverflow,140163,How to avoid reinstalling packages when building Docker image for Python projects?,https://stackoverflow.com/questions/25305788/how-to-avoid-reinstalling-packages-when-building-docker-image-for-python-project,2026-09-24
241,stackoverflow,587937,How to uninstall Anaconda completely from macOS,https://stackoverflow.com/questions/42182706/how-to-uninstall-anaconda-completely-from-macos,2026-09-24
238,apple,264004,How to use the Homebrew installed git on Mac?,https://apple.stackexchange.com/questions/93002/how-to-use-the-homebrew-installed-git-on-mac,2026-09-24
233,stackoverflow,100379,What is .build-deps for apk add --virtual command?,https://stackoverflow.com/questions/46221063/what-is-build-deps-for-apk-add-virtual-command,2026-09-24
227,apple,162931,"What are pros and cons for MacPorts, Fink and Homebrew?",https://apple.stackexchange.com/questions/32724/what-are-pros-and-cons-for-macports-fink-and-homebrew,2026-09-24
224,stackoverflow,252962,"""image is being used by stopped container"" error",https://stackoverflow.com/questions/51188657/image-is-being-used-by-stopped-container-error,2026-09-24
212,stackoverflow,204355,How to remove docker images based on name?,https://stackoverflow.com/questions/40084044/how-to-remove-docker-images-based-on-name,2026-09-24
212,apple,201161,"Why is it not possible to use the ""cut"" command to manipulate a file in the Finder?",https://apple.stackexchange.com/questions/12391/why-is-it-not-possible-to-use-the-cut-command-to-manipulate-a-file-in-the-find,2026-09-24
211,apple,770156,Is it safe to delete ~/Library/Caches?,https://apple.stackexchange.com/questions/118941/is-it-safe-to-delete-library-caches,2026-09-24
205,apple,111873,How to move files to trash from command line?,https://apple.stackexchange.com/questions/50844/how-to-move-files-to-trash-from-command-line,2026-09-24
203,stackoverflow,665260,Module not found: Error: Can't resolve 'fs' error,https://stackoverflow.com/questions/57161839/module-not-found-error-cant-resolve-fs-error,2026-09-24
202,stackoverflow,212943,"Xcode 14.3 build error ""unable to initiate PIF transfer session (operation in progress?)""",https://stackoverflow.com/questions/75980685/xcode-14-3-build-error-unable-to-initiate-pif-transfer-session-operation-in-pr,2026-09-24
200,apple,117603,How do I remove the Google Chrome notifications bell icon from the Mac OS X menu bar?,https://apple.stackexchange.com/questions/125775/how-do-i-remove-the-google-chrome-notifications-bell-icon-from-the-mac-os-x-menu,2026-09-24
198,stackoverflow,286359,Error: Execution failed for task ':app:clean'. Unable to delete file,https://stackoverflow.com/questions/32914499/error-execution-failed-for-task-appclean-unable-to-delete-file,2026-09-24
196,stackoverflow,184671,Homebrew installs nvm but nvm can't be found afterwards?,https://stackoverflow.com/questions/27651892/homebrew-installs-nvm-but-nvm-cant-be-found-afterwards,2026-09-24
193,stackoverflow,271191,The Angular Compiler requires TypeScript >=3.4.0 and <3.5.0 but 3.5.3 was found instead,https://stackoverflow.com/questions/57216110/the-angular-compiler-requires-typescript-3-4-0-and-3-5-0-but-3-5-3-was-found,2026-09-24
193,stackoverflow,230959,Error: The 'brew link' step did not complete successfully,https://stackoverflow.com/questions/12607155/error-the-brew-link-step-did-not-complete-successfully,2026-09-24
193,stackoverflow,131473,How to get the list of dependent child images in Docker?,https://stackoverflow.com/questions/36584122/how-to-get-the-list-of-dependent-child-images-in-docker,2026-09-24
191,apple,121962,Homebrew: Your CLT does not support macOS 11.0,https://apple.stackexchange.com/questions/401899/homebrew-your-clt-does-not-support-macos-11-0,2026-09-24
187,stackoverflow,245793,com.google.android.gms:play-services-measurement-base is being requested by various other libraries,https://stackoverflow.com/questions/50577437/com-google-android-gmsplay-services-measurement-base-is-being-requested-by-vari,2026-09-24
186,stackoverflow,310053,Repository is not clean. Please commit or stash any changes before updating In Angular 8,https://stackoverflow.com/questions/56773528/repository-is-not-clean-please-commit-or-stash-any-changes-before-updating-in-a,2026-09-24
186,stackoverflow,293069,How restart a stopped docker container,https://stackoverflow.com/questions/39666950/how-restart-a-stopped-docker-container,2026-09-24
184,stackoverflow,280414,error: 'Flutter/Flutter.h' file not found when flutter run on iOS,https://stackoverflow.com/questions/64973346/error-flutter-flutter-h-file-not-found-when-flutter-run-on-ios,2026-09-24
184,apple,483469,Is there a `lsblk` equivalent for macOS that lists all attached storage devices?,https://apple.stackexchange.com/questions/107953/is-there-a-lsblk-equivalent-for-macos-that-lists-all-attached-storage-devices,2026-09-24
183,apple,105246,How to fix brew after OSX upgrade to Yosemite?,https://apple.stackexchange.com/questions/153790/how-to-fix-brew-after-osx-upgrade-to-yosemite,2026-09-24
181,stackoverflow,108034,Prettier 3.0.0 TypeError: prettier.resolveConfig.sync is not a function,https://stackoverflow.com/questions/76624993/prettier-3-0-0-typeerror-prettier-resolveconfig-sync-is-not-a-function,2026-09-24
180,apple,50731,Which OS X Applications do you find indispensable?,https://apple.stackexchange.com/questions/82/which-os-x-applications-do-you-find-indispensable,2026-09-24
178,stackoverflow,264095,Where is pip cache folder?,https://stackoverflow.com/questions/34578168/where-is-pip-cache-folder,2026-09-24
174,stackoverflow,95137,Error message '_BSMachError: (os/kern) invalid capability (20)',https://stackoverflow.com/questions/32899586/error-message-bsmacherror-os-kern-invalid-capability-20,2026-09-24
173,stackoverflow,124169,Why does it take ages to install Pandas on Alpine Linux,https://stackoverflow.com/questions/49037742/why-does-it-take-ages-to-install-pandas-on-alpine-linux,2026-09-24
173,apple,180632,How to simulate slow internet connections on the mac,https://apple.stackexchange.com/questions/24066/how-to-simulate-slow-internet-connections-on-the-mac,2026-09-24
172,apple,360894,How to switch between different Chrome windows with keyboard shortcuts?,https://apple.stackexchange.com/questions/93835/how-to-switch-between-different-chrome-windows-with-keyboard-shortcuts,2026-09-24
170,apple,358050,How to get the chrome tabs to always show when in full screen mode?,https://apple.stackexchange.com/questions/94737/how-to-get-the-chrome-tabs-to-always-show-when-in-full-screen-mode,2026-09-24
168,stackoverflow,368257,nodemon not working: -bash: nodemon: command not found,https://stackoverflow.com/questions/35530930/nodemon-not-working-bash-nodemon-command-not-found,2026-09-24
168,stackoverflow,338604,How do I search for an available Python package using pip?,https://stackoverflow.com/questions/17373473/how-do-i-search-for-an-available-python-package-using-pip,2026-09-24
166,stackoverflow,162339,Chrome memory cache vs disk cache,https://stackoverflow.com/questions/44596937/chrome-memory-cache-vs-disk-cache,2026-09-24
166,stackoverflow,154403,"In a github actions workflow, is there a way to have multiple jobs reuse the same setup?",https://stackoverflow.com/questions/65242830/in-a-github-actions-workflow-is-there-a-way-to-have-multiple-jobs-reuse-the-sam,2026-09-24
161,stackoverflow,227386,npm ERR! Refusing to delete / code EEXIST,https://stackoverflow.com/questions/46541371/npm-err-refusing-to-delete-code-eexist,2026-09-24
160,stackoverflow,282387,"babel-preset-react-app, is importing the ""@babel/plugin-proposal-private-property-in-object"" package without declaring it in its dependencies",https://stackoverflow.com/questions/76435306/babel-preset-react-app-is-importing-the-babel-plugin-proposal-private-propert,2026-09-24
159,stackoverflow,81536,How do I install from a local cache with pip?,https://stackoverflow.com/questions/4806448/how-do-i-install-from-a-local-cache-with-pip,2026-09-24
158,apple,193263,How to stop OS X from writing Spotlight and Trash files to memory cards and USB sticks?,https://apple.stackexchange.com/questions/6707/how-to-stop-os-x-from-writing-spotlight-and-trash-files-to-memory-cards-and-usb,2026-09-24
157,stackoverflow,187455,qemu-x86_64: Could not open '/lib64/ld-linux-x86-64.so.2': No such file or directory,https://stackoverflow.com/questions/71040681/qemu-x86-64-could-not-open-lib64-ld-linux-x86-64-so-2-no-such-file-or-direc,2026-09-24
156,stackoverflow,147390,Xcode stuck on Indexing,https://stackoverflow.com/questions/13831559/xcode-stuck-on-indexing,2026-09-24
156,stackoverflow,106673,E: Package 'mysql-client' has no installation candidate in php-fpm image build using docker compose,https://stackoverflow.com/questions/57048428/e-package-mysql-client-has-no-installation-candidate-in-php-fpm-image-build-u,2026-09-24
156,apple,940674,Where can I download Safari for Windows?,https://apple.stackexchange.com/questions/68836/where-can-i-download-safari-for-windows,2026-09-24
156,apple,555393,How do I start the docker daemon on macOS?,https://apple.stackexchange.com/questions/373888/how-do-i-start-the-docker-daemon-on-macos,2026-09-24
152,stackoverflow,334521,"aws ecr saying ""Cannot perform an interactive login from a non TTY device"" after copied cmd from ""Amazon Container Services""",https://stackoverflow.com/questions/60583847/aws-ecr-saying-cannot-perform-an-interactive-login-from-a-non-tty-device-after,2026-09-24
152,stackoverflow,83022,"Job name ""..getProjectMetadata"" does not exist",https://stackoverflow.com/questions/60174503/job-name-getprojectmetadata-does-not-exist,2026-09-24
151,stackoverflow,281469,How to clear or clean specific pod from the local cocoapods cache,https://stackoverflow.com/questions/46428752/how-to-clear-or-clean-specific-pod-from-the-local-cocoapods-cache,2026-09-24
149,stackoverflow,362439,python pip - install from local dir,https://stackoverflow.com/questions/41535915/python-pip-install-from-local-dir,2026-09-24
149,apple,264054,Should I disconnect my MacBook Pro's power cord when the battery is fully charged?,https://apple.stackexchange.com/questions/12271/should-i-disconnect-my-macbook-pros-power-cord-when-the-battery-is-fully-charge,2026-09-24
148,stackoverflow,69351,"CocoaPods could not find compatible versions for pod ""ReactCommon/jscallinvoker"":",https://stackoverflow.com/questions/60880105/cocoapods-could-not-find-compatible-versions-for-pod-reactcommon-jscallinvoker,2026-09-24
147,apple,234149,How to investigate high kernel task memory usage?,https://apple.stackexchange.com/questions/178281/how-to-investigate-high-kernel-task-memory-usage,2026-09-24
146,apple,300292,Can I force a cache refresh in Safari running on iOS?,https://apple.stackexchange.com/questions/74797/can-i-force-a-cache-refresh-in-safari-running-on-ios,2026-09-24
145,stackoverflow,250534,GYP ERR! build error. stack Error: 'make' failed with exit code 2,https://stackoverflow.com/questions/44316064/gyp-err-build-error-stack-error-make-failed-with-exit-code-2,2026-09-24
142,stackoverflow,246173,Webpack - webpack-dev-server: command not found,https://stackoverflow.com/questions/31611527/webpack-webpack-dev-server-command-not-found,2026-09-24
141,stackoverflow,290945,How do I force Yarn to reinstall a package?,https://stackoverflow.com/questions/41864099/how-do-i-force-yarn-to-reinstall-a-package,2026-09-24
141,stackoverflow,147242,Unable to resolve module `@babel/runtime/helpers/interopRequireDefault`,https://stackoverflow.com/questions/52486219/unable-to-resolve-module-babel-runtime-helpers-interoprequiredefault,2026-09-24
140,stackoverflow,448578,Installing a pip package from within a Jupyter Notebook not working,https://stackoverflow.com/questions/38368318/installing-a-pip-package-from-within-a-jupyter-notebook-not-working,2026-09-24
139,apple,361402,DNS not resolving on Mac OS X,https://apple.stackexchange.com/questions/26616/dns-not-resolving-on-mac-os-x,2026-09-24
136,apple,125340,"How to fix homebrew error: ""invalid active developer path"" after upgrade to OS X El Capitan?",https://apple.stackexchange.com/questions/209624/how-to-fix-homebrew-error-invalid-active-developer-path-after-upgrade-to-os-x,2026-09-24
134,stackoverflow,532414,Failed to compile. Module not found: Can't resolve 'react-router-dom',https://stackoverflow.com/questions/53914013/failed-to-compile-module-not-found-cant-resolve-react-router-dom,2026-09-24
134,apple,738000,Why does my brew installation not work?,https://apple.stackexchange.com/questions/148901/why-does-my-brew-installation-not-work,2026-09-24
134,apple,285076,How can I mount SFTP/SSH in Finder on OS X Snow Leopard?,https://apple.stackexchange.com/questions/5209/how-can-i-mount-sftp-ssh-in-finder-on-os-x-snow-leopard,2026-09-24
133,apple,176311,Can I delete unnecessary device simulators of Xcode?,https://apple.stackexchange.com/questions/306566/can-i-delete-unnecessary-device-simulators-of-xcode,2026-09-24
133,apple,122134,"Silencing ""Your disk is almost full"" notification",https://apple.stackexchange.com/questions/254485/silencing-your-disk-is-almost-full-notification,2026-09-24
133,apple,114701,How can I figure out what's slowly eating my drive space?,https://apple.stackexchange.com/questions/5353/how-can-i-figure-out-whats-slowly-eating-my-drive-space,2026-09-24
129,stackoverflow,120034,"How can I delete Docker images by tag, preferably with wildcarding?",https://stackoverflow.com/questions/32490229/how-can-i-delete-docker-images-by-tag-preferably-with-wildcarding,2026-09-24
128,stackoverflow,53059,Xcode 4 - slow performance,https://stackoverflow.com/questions/6355667/xcode-4-slow-performance,2026-09-24
127,apple,102969,What is the format of a .xip file,https://apple.stackexchange.com/questions/242948/what-is-the-format-of-a-xip-file,2026-09-24
126,stackoverflow,114350,Error: pg_config executable not found when installing psycopg2 on Alpine in Docker,https://stackoverflow.com/questions/46711990/error-pg-config-executable-not-found-when-installing-psycopg2-on-alpine-in-dock,2026-09-24
124,apple,257037,The operation can’t be completed because the original item for “Foo” can’t be found,https://apple.stackexchange.com/questions/131613/the-operation-can-t-be-completed-because-the-original-item-for-foo-can-t-be-fo,2026-09-24
120,stackoverflow,238038,pip installation /usr/local/opt/python/bin/python2.7: bad interpreter: No such file or directory,https://stackoverflow.com/questions/31768128/pip-installation-usr-local-opt-python-bin-python2-7-bad-interpreter-no-such-f,2026-09-24
120,stackoverflow,108140,"""Warning: unable to build chain to self-signed root for signer"" warning in Xcode 9.2",https://stackoverflow.com/questions/48911289/warning-unable-to-build-chain-to-self-signed-root-for-signer-warning-in-xcode,2026-09-24
119,stackoverflow,124657,Python PIP Install throws TypeError: unsupported operand type(s) for -=: 'Retry' and 'int',https://stackoverflow.com/questions/37495375/python-pip-install-throws-typeerror-unsupported-operand-types-for-retry,2026-09-24
119,apple,256626,How do I automate a key press in AppleScript?,https://apple.stackexchange.com/questions/36943/how-do-i-automate-a-key-press-in-applescript,2026-09-24
118,stackoverflow,100657,How to free up space on docker devmapper and CentOS7?,https://stackoverflow.com/questions/36918387/how-to-free-up-space-on-docker-devmapper-and-centos7,2026-09-24
117,stackoverflow,93781,No template named 'unary_function' in namespace 'std'; did you mean '__unary_function'?,https://stackoverflow.com/questions/77133361/no-template-named-unary-function-in-namespace-std-did-you-mean-unary-fun,2026-09-24
115,stackoverflow,850291,Please run `npm cache clean`,https://stackoverflow.com/questions/51607362/please-run-npm-cache-clean,2026-09-24
115,apple,171181,How to use pip after the OS X El Capitan upgrade?,https://apple.stackexchange.com/questions/209572/how-to-use-pip-after-the-os-x-el-capitan-upgrade,2026-09-24
113,stackoverflow,155083,How can I reduce the disk space used by docker?,https://stackoverflow.com/questions/37518096/how-can-i-reduce-the-disk-space-used-by-docker,2026-09-24
113,stackoverflow,65444,Docker process killed with cryptic `Killed` message,https://stackoverflow.com/questions/44417159/docker-process-killed-with-cryptic-killed-message,2026-09-24
111,stackoverflow,214778,TS1086: An accessor cannot be declared in ambient context,https://stackoverflow.com/questions/60092642/ts1086-an-accessor-cannot-be-declared-in-ambient-context,2026-09-24
111,stackoverflow,134571,Docker Image Taking up Space After Deletion,https://stackoverflow.com/questions/64068185/docker-image-taking-up-space-after-deletion,2026-09-24
110,apple,198002,No partition scheme option when erasing a USB disk in MacOS High Sierra?,https://apple.stackexchange.com/questions/304131/no-partition-scheme-option-when-erasing-a-usb-disk-in-macos-high-sierra,2026-09-24
109,stackoverflow,83723,src/lxml/etree_defs.h:9:31: fatal error: libxml/xmlversion.h: No such file or directory,https://stackoverflow.com/questions/15759150/src-lxml-etree-defs-h931-fatal-error-libxml-xmlversion-h-no-such-file-or-di,2026-09-24
109,stackoverflow,54206,Using a pip cache directory in docker builds,https://stackoverflow.com/questions/58018300/using-a-pip-cache-directory-in-docker-builds,2026-09-24
108,stackoverflow,189668,"Docker on Mac M1 gives: ""The requested image's platform (linux/amd64) does not match the detected host platform""",https://stackoverflow.com/questions/69054921/docker-on-mac-m1-gives-the-requested-images-platform-linux-amd64-does-not-m,2026-09-24
108,stackoverflow,188942,"Installing OpenCV fails because it cannot find ""skbuild""",https://stackoverflow.com/questions/63448467/installing-opencv-fails-because-it-cannot-find-skbuild,2026-09-24
108,stackoverflow,113919,docker-compose build environment variable,https://stackoverflow.com/questions/52429984/docker-compose-build-environment-variable,2026-09-24
108,apple,399277,How to clear the cache or do a hard refresh in Safari?,https://apple.stackexchange.com/questions/12049/how-to-clear-the-cache-or-do-a-hard-refresh-in-safari,2026-09-24
108,apple,97501,Consequences of deleting .DS_Store,https://apple.stackexchange.com/questions/69467/consequences-of-deleting-ds-store,2026-09-24
107,stackoverflow,52901,Swift Xcode Index Freezing or Slow,https://stackoverflow.com/questions/26494082/swift-xcode-index-freezing-or-slow,2026-09-24
107,apple,671,“com.docker.socket” was not opened because it contains malware,https://apple.stackexchange.com/questions/486317/com-docker-socket-was-not-opened-because-it-contains-malware,2026-09-24
106,stackoverflow,146806,Docker COPY files using glob pattern?,https://stackoverflow.com/questions/49939960/docker-copy-files-using-glob-pattern,2026-09-24
106,stackoverflow,145277,Docker Registry 2.0 - how to delete unused images?,https://stackoverflow.com/questions/29802202/docker-registry-2-0-how-to-delete-unused-images,2026-09-24
106,apple,193446,How can I update everything installed through Homebrew after OSX upgrade?,https://apple.stackexchange.com/questions/56419/how-can-i-update-everything-installed-through-homebrew-after-osx-upgrade,2026-09-24
105,apple,296388,How to install specific version of python on OS X,https://apple.stackexchange.com/questions/237430/how-to-install-specific-version-of-python-on-os-x,2026-09-24
104,stackoverflow,500317,"""AssertionError: Torch not compiled with CUDA enabled"" in spite upgrading to CUDA version",https://stackoverflow.com/questions/57814535/assertionerror-torch-not-compiled-with-cuda-enabled-in-spite-upgrading-to-cud,2026-09-24
104,stackoverflow,135695,Is there a way to clean docker build cache?,https://stackoverflow.com/questions/65405562/is-there-a-way-to-clean-docker-build-cache,2026-09-24
103,stackoverflow,114655,What is the difference between Uvicorn and Gunicorn+Uvicorn?,https://stackoverflow.com/questions/66362199/what-is-the-difference-between-uvicorn-and-gunicornuvicorn,2026-09-24
103,stackoverflow,64183,Unable to boot device in current state: Booted,https://stackoverflow.com/questions/24135067/unable-to-boot-device-in-current-state-booted,2026-09-24
102,stackoverflow,205915,Could not build wheels since package wheel is not installed,https://stackoverflow.com/questions/61678445/could-not-build-wheels-since-package-wheel-is-not-installed,2026-09-24
102,stackoverflow,90005,How do I seed a mongo database using docker-compose?,https://stackoverflow.com/questions/31210973/how-do-i-seed-a-mongo-database-using-docker-compose,2026-09-24
102,apple,33120,Single application not showing up in Spotlight,https://apple.stackexchange.com/questions/236741/single-application-not-showing-up-in-spotlight,2026-09-24
101,apple,190548,Are my permissions for /usr/local/ correct?,https://apple.stackexchange.com/questions/1393/are-my-permissions-for-usr-local-correct,2026-09-24
100,stackoverflow,358843,npm ERR! could not determine executable to run,https://stackoverflow.com/questions/67833794/npm-err-could-not-determine-executable-to-run,2026-09-24
100,stackoverflow,90216,"path.js:1086 Error: ENOENT: no such file or directory, uv_cwd",https://stackoverflow.com/questions/53337269/path-js1086-error-enoent-no-such-file-or-directory-uv-cwd,2026-09-24
99,stackoverflow,312426,"npm error E401: Unable to authenticate, need: BASIC realm=""Sonatype Nexus Repository Manager""",https://stackoverflow.com/questions/61613797/npm-error-e401-unable-to-authenticate-need-basic-realm-sonatype-nexus-reposi,2026-09-24
99,stackoverflow,46984,"Could not find plugin ""proposal-numeric-separator""",https://stackoverflow.com/questions/60780664/could-not-find-plugin-proposal-numeric-separator,2026-09-24
98,apple,37356,Is it safe to upgrade Bash via Homebrew?,https://apple.stackexchange.com/questions/24632/is-it-safe-to-upgrade-bash-via-homebrew,2026-09-24
96,stackoverflow,88274,"However, this package itself specifies a `main` module field that could not be resolved",https://stackoverflow.com/questions/60124435/however-this-package-itself-specifies-a-main-module-field-that-could-not-be-r,2026-09-24
95,stackoverflow,176807,"NPM ""ENOENT: no such file or directory error"" when installing Sails.js dependencies with Node 8.9.4 LTS",https://stackoverflow.com/questions/48384811/npm-enoent-no-such-file-or-directory-error-when-installing-sails-js-dependenc,2026-09-24
95,stackoverflow,101572,Installation failed due to: 'null' - Android Studio 3.5,https://stackoverflow.com/questions/57589248/installation-failed-due-to-null-android-studio-3-5,2026-09-24
95,stackoverflow,63116,Use of bitwise '|' with boolean operands | Xcode 14.3 fails builds using react-native Yoga,https://stackoverflow.com/questions/75897834/use-of-bitwise-with-boolean-operands-xcode-14-3-fails-builds-using-react-n,2026-09-24
95,stackoverflow,60686,rebuild docker image from specific step,https://stackoverflow.com/questions/35154219/rebuild-docker-image-from-specific-step,2026-09-24
95,apple,67752,How to install an homebrew formula without updating homebrew itself?,https://apple.stackexchange.com/questions/293250/how-to-install-an-homebrew-formula-without-updating-homebrew-itself,2026-09-24
95,apple,50739,Displaying combined file size of selected files in Finder,https://apple.stackexchange.com/questions/43983/displaying-combined-file-size-of-selected-files-in-finder,2026-09-24
94,stackoverflow,121773,"An unexpected error occurred: ""EPERM: operation not permitted in Yarn",https://stackoverflow.com/questions/64603970/an-unexpected-error-occurred-eperm-operation-not-permitted-in-yarn,2026-09-24
94,apple,185455,How to remove chrome app icons from launchpad?,https://apple.stackexchange.com/questions/174084/how-to-remove-chrome-app-icons-from-launchpad,2026-09-24
94,apple,178309,What I can delete from /private/var/vm?,https://apple.stackexchange.com/questions/50235/what-i-can-delete-from-private-var-vm,2026-09-24
93,stackoverflow,293286,ImportError: No module named google.protobuf,https://stackoverflow.com/questions/38680593/importerror-no-module-named-google-protobuf,2026-09-24
93,apple,646573,Official way to obtain an OS X ISO file,https://apple.stackexchange.com/questions/128319/official-way-to-obtain-an-os-x-iso-file,2026-09-24
93,apple,277127,What is rapportd and why does it want incoming network connections?,https://apple.stackexchange.com/questions/308294/what-is-rapportd-and-why-does-it-want-incoming-network-connections,2026-09-24
93,apple,72875,How can I make 'rm' move files to the trash can?,https://apple.stackexchange.com/questions/17622/how-can-i-make-rm-move-files-to-the-trash-can,2026-09-24
92,stackoverflow,136032,Docker Alpine executable binary not found even if in PATH,https://stackoverflow.com/questions/66963068/docker-alpine-executable-binary-not-found-even-if-in-path,2026-09-24
92,apple,90436,How can I prevent Music app from starting automatically randomly?,https://apple.stackexchange.com/questions/372948/how-can-i-prevent-music-app-from-starting-automatically-randomly,2026-09-24
91,stackoverflow,143678,How to clean up Docker,https://stackoverflow.com/questions/45798076/how-to-clean-up-docker,2026-09-24
91,apple,48257,"""Hold Cmd-Q to Quit"" from Chrome",https://apple.stackexchange.com/questions/340508/hold-cmd-q-to-quit-from-chrome,2026-09-24
90,apple,135336,how to reinstall xcode command-line tools?,https://apple.stackexchange.com/questions/93573/how-to-reinstall-xcode-command-line-tools,2026-09-24
90,apple,48421,"On OS X, what files are excluded by rule from a Time Machine backup?",https://apple.stackexchange.com/questions/25779/on-os-x-what-files-are-excluded-by-rule-from-a-time-machine-backup,2026-09-24
88,apple,331105,Copying ISO file to USB drive in OS X?,https://apple.stackexchange.com/questions/73183/copying-iso-file-to-usb-drive-in-os-x,2026-09-24
88,apple,251195,How Can I Search A Specific Type of File in Mac?,https://apple.stackexchange.com/questions/602/how-can-i-search-a-specific-type-of-file-in-mac,2026-09-24
88,apple,158671,How to compress a Zip archive without .DS_Store and __MACOSX files/folders in macOS?,https://apple.stackexchange.com/questions/239578/how-to-compress-a-zip-archive-without-ds-store-and-macosx-files-folders-in-ma,2026-09-24
88,apple,109219,What is the purpose of Docker.raw file on Mac OS Catalina?,https://apple.stackexchange.com/questions/391377/what-is-the-purpose-of-docker-raw-file-on-mac-os-catalina,2026-09-24
87,superuser,605588,Windows 10 Remote Desktop Connects with Black Screen then Disconnects,https://superuser.com/questions/976290/windows-10-remote-desktop-connects-with-black-screen-then-disconnects,2026-09-24
87,stackoverflow,475995,How to solve npm install error “npm ERR! code 1”,https://stackoverflow.com/questions/67399785/how-to-solve-npm-install-error-npm-err-code-1,2026-09-24
87,stackoverflow,220975,Minimum supported Gradle version is 6.1.1. Current version is 5.6.4,https://stackoverflow.com/questions/62147493/minimum-supported-gradle-version-is-6-1-1-current-version-is-5-6-4,2026-09-24
87,stackoverflow,127219,Failed to read PNG signature: file does not start with PNG signature,https://stackoverflow.com/questions/46177560/failed-to-read-png-signature-file-does-not-start-with-png-signature,2026-09-24
86,stackoverflow,197665,installing cPickle with python 3.5,https://stackoverflow.com/questions/37132899/installing-cpickle-with-python-3-5,2026-09-24
86,stackoverflow,70854,Spring Boot: Overriding favicon,https://stackoverflow.com/questions/20673230/spring-boot-overriding-favicon,2026-09-24
86,apple,285659,How do I install GCC via Homebrew?,https://apple.stackexchange.com/questions/38222/how-do-i-install-gcc-via-homebrew,2026-09-24
86,apple,113369,How to know what packages are available with (home)brew?,https://apple.stackexchange.com/questions/33354/how-to-know-what-packages-are-available-with-homebrew,2026-09-24
86,apple,113131,"With Homebrew, how to check if a software/package is installed?",https://apple.stackexchange.com/questions/284379/with-homebrew-how-to-check-if-a-software-package-is-installed,2026-09-24
86,apple,88914,"How do I install ""R"" on macOS using homebrew?",https://apple.stackexchange.com/questions/121401/how-do-i-install-r-on-macos-using-homebrew,2026-09-24
86,apple,65043,Clicking on external links opens Chrome but not the link,https://apple.stackexchange.com/questions/297734/clicking-on-external-links-opens-chrome-but-not-the-link,2026-09-24
85,apple,186428,How do you EXIT full screen mode in Yosemite?,https://apple.stackexchange.com/questions/152301/how-do-you-exit-full-screen-mode-in-yosemite,2026-09-24
85,apple,154009,Can I delete files or folders from /private/var/folders/?,https://apple.stackexchange.com/questions/176371/can-i-delete-files-or-folders-from-private-var-folders,2026-09-24
85,apple,128753,How do I download an iOS App (IPA) file to my Mac after iTunes 12.7 update?,https://apple.stackexchange.com/questions/298391/how-do-i-download-an-ios-app-ipa-file-to-my-mac-after-itunes-12-7-update,2026-09-24
85,apple,90045,Write in NTFS using Mavericks,https://apple.stackexchange.com/questions/106589/write-in-ntfs-using-mavericks,2026-09-24
84,apple,252171,Logitech Mouse: how can I use additional buttons?,https://apple.stackexchange.com/questions/110177/logitech-mouse-how-can-i-use-additional-buttons,2026-09-24
84,apple,170478,Disk space not freed up after deleting files and emptying Trash,https://apple.stackexchange.com/questions/44203/disk-space-not-freed-up-after-deleting-files-and-emptying-trash,2026-09-24
83,apple,101266,A modern and faster alternative to Disk Inventory X,https://apple.stackexchange.com/questions/81568/a-modern-and-faster-alternative-to-disk-inventory-x,2026-09-24
82,stackoverflow,53279,Cannot access script base class 'org.gradle.kotlin.dsl.KotlinBuildScript',https://stackoverflow.com/questions/65645510/cannot-access-script-base-class-org-gradle-kotlin-dsl-kotlinbuildscript,2026-09-24
82,stackoverflow,29744,Xcode 4 Error: Error Starting Executable,https://stackoverflow.com/questions/5607154/xcode-4-error-error-starting-executable,2026-09-24
82,stackoverflow,10694,How does the chrome browser determine memory cache and disk cache?,https://stackoverflow.com/questions/45497696/how-does-the-chrome-browser-determine-memory-cache-and-disk-cache,2026-09-24
82,apple,175749,Uninstall all programs installed by Homebrew,https://apple.stackexchange.com/questions/198623/uninstall-all-programs-installed-by-homebrew,2026-09-24
82,apple,100613,How to upgrade Homebrew itself (not softwares/formulas installed by it) on macOS?,https://apple.stackexchange.com/questions/277386/how-to-upgrade-homebrew-itself-not-softwares-formulas-installed-by-it-on-macos,2026-09-24
82,apple,67386,Homebrew permissions & multiple users needing to brew update,https://apple.stackexchange.com/questions/42127/homebrew-permissions-multiple-users-needing-to-brew-update,2026-09-24
81,apple,63701,How to install and use GNU Grep in macOS,https://apple.stackexchange.com/questions/193288/how-to-install-and-use-gnu-grep-in-macos,2026-09-24
81,apple,37272,How to prevent Command-I/Command-Shift-I from opening Mac Mail when in browser?,https://apple.stackexchange.com/questions/108060/how-to-prevent-command-i-command-shift-i-from-opening-mac-mail-when-in-browser,2026-09-24
81,apple,27885,How to choose on which display Application Switcher shows?,https://apple.stackexchange.com/questions/106275/how-to-choose-on-which-display-application-switcher-shows,2026-09-24
80,apple,688225,How to remove an icon from launchpad that does not appear in the Finder?,https://apple.stackexchange.com/questions/144756/how-to-remove-an-icon-from-launchpad-that-does-not-appear-in-the-finder,2026-09-24
79,stackoverflow,222179,npm install with error: `gyp` failed with exit code: 1,https://stackoverflow.com/questions/49348482/npm-install-with-error-gyp-failed-with-exit-code-1,2026-09-24
79,stackoverflow,51735,Unable to growpart because no space left,https://stackoverflow.com/questions/59420015/unable-to-growpart-because-no-space-left,2026-09-24
79,apple,171894,Homebrew: Rollback from Python 3.7 to Python 3.6.5.x?,https://apple.stackexchange.com/questions/329187/homebrew-rollback-from-python-3-7-to-python-3-6-5-x,2026-09-24
78,stackoverflow,170351,"How to fix ""FATAL ERROR: Ineffective mark-compacts near heap limit Allocation failed - JavaScript heap out of memory"" error",https://stackoverflow.com/questions/55613789/how-to-fix-fatal-error-ineffective-mark-compacts-near-heap-limit-allocation-fa,2026-09-24
78,stackoverflow,7767,"Xcode Workspace ""Internal error: missingPackageDescriptionModule""",https://stackoverflow.com/questions/70341912/xcode-workspace-internal-error-missingpackagedescriptionmodule,2026-09-24
78,apple,96089,Run AppleScript from bash script,https://apple.stackexchange.com/questions/103621/run-applescript-from-bash-script,2026-09-24
78,apple,16419,"How do you turn off the ""Try the new Safari"" notification?",https://apple.stackexchange.com/questions/153379/how-do-you-turn-off-the-try-the-new-safari-notification,2026-09-24
77,stackoverflow,174409,Importing the numpy c-extensions failed,https://stackoverflow.com/questions/58868528/importing-the-numpy-c-extensions-failed,2026-09-24
77,stackoverflow,56487,Yarn v2 gitignore,https://stackoverflow.com/questions/60184159/yarn-v2-gitignore,2026-09-24
77,stackoverflow,30797,Xcode 4 code sense is not working,https://stackoverflow.com/questions/5431501/xcode-4-code-sense-is-not-working,2026-09-24
77,stackoverflow,18298,Xcode 10.2 Failed to Run App on Simulator with iOS < 10,https://stackoverflow.com/questions/55389080/xcode-10-2-failed-to-run-app-on-simulator-with-ios-10,2026-09-24
77,apple,126954,Looking for VNC client solutions that work reliably on a Mac running OS X 10.9.5,https://apple.stackexchange.com/questions/192962/looking-for-vnc-client-solutions-that-work-reliably-on-a-mac-running-os-x-10-9-5,2026-09-24
76,stackoverflow,64997,Value for SWIFT_VERSION cannot be empty,https://stackoverflow.com/questions/52950514/value-for-swift-version-cannot-be-empty,2026-09-24
76,apple,297520,What is Mobile Sync - Backup and why is it taking so much space?,https://apple.stackexchange.com/questions/63207/what-is-mobile-sync-backup-and-why-is-it-taking-so-much-space,2026-09-24
75,apple,229060,"""System"" storage on macOS Sierra is 470GB!",https://apple.stackexchange.com/questions/261252/system-storage-on-macos-sierra-is-470gb,2026-09-24
75,apple,81071,truecrypt 7.1a requires Mac OS X 10.4 or later on Yosemite 10.10,https://apple.stackexchange.com/questions/173879/truecrypt-7-1a-requires-mac-os-x-10-4-or-later-on-yosemite-10-10,2026-09-24
74,apple,818760,'This Apple ID has not yet been used with the App Store' error,https://apple.stackexchange.com/questions/141577/this-apple-id-has-not-yet-been-used-with-the-app-store-error,2026-09-24
74,apple,268064,"How to remove an app stuck in ""waiting"" mode from the Mac App Store?",https://apple.stackexchange.com/questions/54441/how-to-remove-an-app-stuck-in-waiting-mode-from-the-mac-app-store,2026-09-24
74,apple,68314,How can I stop my whole screen from flashing white on errors?,https://apple.stackexchange.com/questions/25605/how-can-i-stop-my-whole-screen-from-flashing-white-on-errors,2026-09-24
74,apple,43670,Cannot ls ~/.Trash in the Terminal in Catalina (operation not permitted),https://apple.stackexchange.com/questions/376916/cannot-ls-trash-in-the-terminal-in-catalina-operation-not-permitted,2026-09-24
73,superuser,60205,"How to disable Mac OS X from using swap when there still is ""Inactive"" memory?",https://superuser.com/questions/317215/how-to-disable-mac-os-x-from-using-swap-when-there-still-is-inactive-memory,2026-09-24
73,stackoverflow,67810,How to remove intermediate images from a build after the build?,https://stackoverflow.com/questions/50126741/how-to-remove-intermediate-images-from-a-build-after-the-build,2026-09-24
73,apple,153146,How can I download an older version of OS X/macOS?,https://apple.stackexchange.com/questions/309399/how-can-i-download-an-older-version-of-os-x-macos,2026-09-24
73,apple,25974,Why does Numbers hide a huge PNG file in exported Excel sheets?,https://apple.stackexchange.com/questions/142356/why-does-numbers-hide-a-huge-png-file-in-exported-excel-sheets,2026-09-24
72,stackoverflow,111095,conda stuck on Proceed ([y]/n)? when updating packages in ipython console,https://stackoverflow.com/questions/39826250/conda-stuck-on-proceed-y-n-when-updating-packages-in-ipython-console,2026-09-24
72,apple,402575,How big should my Time Machine backup drive be?,https://apple.stackexchange.com/questions/100780/how-big-should-my-time-machine-backup-drive-be,2026-09-24
72,apple,59963,How can I install the Command Line Tools completely from the command line?,https://apple.stackexchange.com/questions/107307/how-can-i-install-the-command-line-tools-completely-from-the-command-line,2026-09-24
72,apple,56292,How can I skip the Trash when deleting a file?,https://apple.stackexchange.com/questions/66369/how-can-i-skip-the-trash-when-deleting-a-file,2026-09-24
71,stackoverflow,93316,npm run dev fails : ValidationError: Invalid options object,https://stackoverflow.com/questions/61937054/npm-run-dev-fails-validationerror-invalid-options-object,2026-09-24
71,stackoverflow,67147,Xcode 7.2: In “Archive”: Getting the issue: “Cordova/CDVViewController.h’ file not found ”. While there is no such issues in building the app,https://stackoverflow.com/questions/34546607/xcode-7-2-in-archive-getting-the-issue-cordova-cdvviewcontroller-h-file-n,2026-09-24
71,apple,122497,What is com.apple.bird? Why does it grow so big?,https://apple.stackexchange.com/questions/220007/what-is-com-apple-bird-why-does-it-grow-so-big,2026-09-24
71,apple,49573,"Why does the enter/return key rename a file/folder, instead of opening it?",https://apple.stackexchange.com/questions/6727/why-does-the-enter-return-key-rename-a-file-folder-instead-of-opening-it,2026-09-24
70,stackoverflow,78129,"How to ""Delete derived data"" in Xcode?",https://stackoverflow.com/questions/24039932/how-to-delete-derived-data-in-xcode,2026-09-24
70,apple,184399,Where can I download Filemerge - the app for comparing two tools and merging them?,https://apple.stackexchange.com/questions/42345/where-can-i-download-filemerge-the-app-for-comparing-two-tools-and-merging-the,2026-09-24
70,apple,115061,File can't be moved by root on OS X,https://apple.stackexchange.com/questions/101328/file-cant-be-moved-by-root-on-os-x,2026-09-24
69,apple,101777,Which text editor can I use with large files (>500 MB)?,https://apple.stackexchange.com/questions/3437/which-text-editor-can-i-use-with-large-files-500-mb,2026-09-24
69,apple,20106,Catalina Upgrade Cannot Delete Relocated Items,https://apple.stackexchange.com/questions/371980/catalina-upgrade-cannot-delete-relocated-items,2026-09-24
68,stackoverflow,39252,"Xcode 8 | iOS 10 simulator ""Error returned in reply: Connection invalid""",https://stackoverflow.com/questions/39722524/xcode-8-ios-10-simulator-error-returned-in-reply-connection-invalid,2026-09-24
68,apple,119785,Zooming in Google Chrome using the mouse wheel?,https://apple.stackexchange.com/questions/103972/zooming-in-google-chrome-using-the-mouse-wheel,2026-09-24
67,superuser,144286,How to query macOS DNS resolver from Terminal?,https://superuser.com/questions/1400250/how-to-query-macos-dns-resolver-from-terminal,2026-09-24
67,stackoverflow,138728,Gradle build fails: Unable to find method 'org.gradle.api.tasks.testing.Test.getTestClassesDirs()Lorg/gradle/api/file/FileCollection;',https://stackoverflow.com/questions/50122867/gradle-build-fails-unable-to-find-method-org-gradle-api-tasks-testing-test-get,2026-09-24
67,stackoverflow,121713,Xcode 11.2 - Unable to install App file to device?,https://stackoverflow.com/questions/58662457/xcode-11-2-unable-to-install-app-file-to-device,2026-09-24
67,stackoverflow,69180,"""Minimum supported Gradle version is 2.14.1. Current version is 2.10."" error",https://stackoverflow.com/questions/39164225/minimum-supported-gradle-version-is-2-14-1-current-version-is-2-10-error,2026-09-24
67,stackoverflow,54102,How to cache yarn packages in GitHub Actions,https://stackoverflow.com/questions/61010294/how-to-cache-yarn-packages-in-github-actions,2026-09-24
67,apple,100719,Xcode failed to download. Use the Purchases page to try again,https://apple.stackexchange.com/questions/61646/xcode-failed-to-download-use-the-purchases-page-to-try-again,2026-09-24
66,stackoverflow,148224,Anaconda Python - how to reinstall NumPy,https://stackoverflow.com/questions/52792692/anaconda-python-how-to-reinstall-numpy,2026-09-24
66,stackoverflow,99392,How to uninstall all unused packages in a conda virtual environment?,https://stackoverflow.com/questions/36308531/how-to-uninstall-all-unused-packages-in-a-conda-virtual-environment,2026-09-24
66,stackoverflow,76862,How can I fix 'No space left on device' error in Docker?,https://stackoverflow.com/questions/41227546/how-can-i-fix-no-space-left-on-device-error-in-docker,2026-09-24
66,stackoverflow,76711,Why is Docker filling up /var/lib/docker/overlay2?,https://stackoverflow.com/questions/61592088/why-is-docker-filling-up-var-lib-docker-overlay2,2026-09-24
66,apple,47422,"How do I hide the Spotlight icon on Yosemite, but keep the Spotlight functionality?",https://apple.stackexchange.com/questions/151586/how-do-i-hide-the-spotlight-icon-on-yosemite-but-keep-the-spotlight-functionali,2026-09-24
66,apple,18385,Where should I store command line applications?,https://apple.stackexchange.com/questions/98619/where-should-i-store-command-line-applications,2026-09-24
65,stackoverflow,118965,Where does 'conda clean' remove packages from?,https://stackoverflow.com/questions/51960539/where-does-conda-clean-remove-packages-from,2026-09-24
65,apple,167662,GPU problem - Boot Hangs on Grey Screen,https://apple.stackexchange.com/questions/267581/gpu-problem-boot-hangs-on-grey-screen,2026-09-24
64,stackoverflow,218381,Hadoop cluster setup - java.net.ConnectException: Connection refused,https://stackoverflow.com/questions/28661285/hadoop-cluster-setup-java-net-connectexception-connection-refused,2026-09-24
64,stackoverflow,66887,"jest hangs indefinitely, runs no tests",https://stackoverflow.com/questions/48846142/jest-hangs-indefinitely-runs-no-tests,2026-09-24
64,apple,96668,How to stop Safari from unzipping files after download,https://apple.stackexchange.com/questions/961/how-to-stop-safari-from-unzipping-files-after-download,2026-09-24
64,apple,61174,Stop Docker from automatically starting on startup,https://apple.stackexchange.com/questions/251806/stop-docker-from-automatically-starting-on-startup,2026-09-24
64,apple,26696,Is there a way to hide certain apps from the cmd+tab menu?,https://apple.stackexchange.com/questions/92004/is-there-a-way-to-hide-certain-apps-from-the-cmdtab-menu,2026-09-24
63,stackoverflow,23755,Incorrect integrity when fetching from the cache,https://stackoverflow.com/questions/58172688/incorrect-integrity-when-fetching-from-the-cache,2026-09-24
63,stackoverflow,13367,Chrome DevTools broken - Stetho unusable,https://stackoverflow.com/questions/66461857/chrome-devtools-broken-stetho-unusable,2026-09-24
63,apple,48235,Chrome: Keyboard shortcut to go to Address Bar?,https://apple.stackexchange.com/questions/11573/chrome-keyboard-shortcut-to-go-to-address-bar,2026-09-24
63,apple,44178,How do I re-center Spotlight search bar (Mac)?,https://apple.stackexchange.com/questions/225717/how-do-i-re-center-spotlight-search-bar-mac,2026-09-24
62,superuser,256959,Windows 8.1 Update 1 Disk Usage 100%,https://superuser.com/questions/759152/windows-8-1-update-1-disk-usage-100,2026-09-24
62,stackoverflow,88260,Uncaught Error: Cannot find module 'jquery',https://stackoverflow.com/questions/32265449/uncaught-error-cannot-find-module-jquery,2026-09-24
62,stackoverflow,77796,Cannot find module 'webpack' - Angular,https://stackoverflow.com/questions/51096511/cannot-find-module-webpack-angular,2026-09-24
62,stackoverflow,66918,Cache.properties (The system cannot find the file specified),https://stackoverflow.com/questions/32024954/cache-properties-the-system-cannot-find-the-file-specified,2026-09-24
62,stackoverflow,45119,"Docker: ""You don't have enough free space in /var/cache/apt/archives/""",https://stackoverflow.com/questions/65291124/docker-you-dont-have-enough-free-space-in-var-cache-apt-archives,2026-09-24
62,stackoverflow,18529,Xcode shows many errors but program compiles and runs fine (in both simulator and device),https://stackoverflow.com/questions/12023484/xcode-shows-many-errors-but-program-compiles-and-runs-fine-in-both-simulator-an,2026-09-24
62,apple,152926,Installation of macOS High Sierra Update 10.13.4 failed; how do I recover without losing data?,https://apple.stackexchange.com/questions/321244/installation-of-macos-high-sierra-update-10-13-4-failed-how-do-i-recover-withou,2026-09-24
62,apple,126460,Does macOS have a command to retrieve detailed CPU information like /proc/cpuinfo on Linux?,https://apple.stackexchange.com/questions/352769/does-macos-have-a-command-to-retrieve-detailed-cpu-information-like-proc-cpuinf,2026-09-24
62,apple,109599,Where is the cron log file in MacOSX Lion?,https://apple.stackexchange.com/questions/38861/where-is-the-cron-log-file-in-macosx-lion,2026-09-24
62,apple,46756,Reduce size of the Xcode application,https://apple.stackexchange.com/questions/287307/reduce-size-of-the-xcode-application,2026-09-24
61,stackoverflow,217728,How to specify local registry in yarn?,https://stackoverflow.com/questions/49898859/how-to-specify-local-registry-in-yarn,2026-09-24
61,apple,165634,How to eject my external drive when my Mac refuses because of Spotlight?,https://apple.stackexchange.com/questions/142459/how-to-eject-my-external-drive-when-my-mac-refuses-because-of-spotlight,2026-09-24
61,apple,28971,Can I make a symlink (to a .app folder) in Applications directory show up in spotlight?,https://apple.stackexchange.com/questions/23653/can-i-make-a-symlink-to-a-app-folder-in-applications-directory-show-up-in-spo,2026-09-24
60,stackoverflow,331199,Gradle failure A problem occurred evaluating project ':app',https://stackoverflow.com/questions/57238933/gradle-failure-a-problem-occurred-evaluating-project-app,2026-09-24
60,stackoverflow,252265,"Error: yarn start - error Command ""start"" not found",https://stackoverflow.com/questions/54393192/error-yarn-start-error-command-start-not-found,2026-09-24
60,stackoverflow,103258,Docker Postgres Clear all Data,https://stackoverflow.com/questions/43618517/docker-postgres-clear-all-data,2026-09-24
60,apple,239888,How do I prevent my MacBook from sleeping when downloading apps from the App Store,https://apple.stackexchange.com/questions/143591/how-do-i-prevent-my-macbook-from-sleeping-when-downloading-apps-from-the-app-sto,2026-09-24
60,apple,81417,How do I clear the purgeable area on my disk?,https://apple.stackexchange.com/questions/254676/how-do-i-clear-the-purgeable-area-on-my-disk,2026-09-24
59,stackoverflow,50002,Problems installing python 3.6 with pyenv on Mac OS Big Sur,https://stackoverflow.com/questions/66482346/problems-installing-python-3-6-with-pyenv-on-mac-os-big-sur,2026-09-24
59,apple,317603,Error opening a zip file: No such file or directory?,https://apple.stackexchange.com/questions/135853/error-opening-a-zip-file-no-such-file-or-directory,2026-09-24
59,apple,154658,How to use youtube-dl --cookies,https://apple.stackexchange.com/questions/349697/how-to-use-youtube-dl-cookies,2026-09-24
59,apple,147757,How can I view hidden files in the Finder?,https://apple.stackexchange.com/questions/58709/how-can-i-view-hidden-files-in-the-finder,2026-09-24
59,apple,57030,What's /System/Volumes/Data?,https://apple.stackexchange.com/questions/367158/whats-system-volumes-data,2026-09-24
58,stackoverflow,91082,Gradle sync failed: Unable to find method,https://stackoverflow.com/questions/37655814/gradle-sync-failed-unable-to-find-method,2026-09-24
58,stackoverflow,61288,Android Emulator stuck loading screen on M1 mac/ Apple Silicon,https://stackoverflow.com/questions/64885486/android-emulator-stuck-loading-screen-on-m1-mac-apple-silicon,2026-09-24
58,apple,62525,Time Machine ridiculously slow after El Capitan upgrade,https://apple.stackexchange.com/questions/212537/time-machine-ridiculously-slow-after-el-capitan-upgrade,2026-09-24
58,apple,23977,Is there a way to detect what program is stealing focus on my Mac?,https://apple.stackexchange.com/questions/123730/is-there-a-way-to-detect-what-program-is-stealing-focus-on-my-mac,2026-09-24
57,stackoverflow,125811,Which files or folders should be in .gitignore in React project?,https://stackoverflow.com/questions/60220919/which-files-or-folders-should-be-in-gitignore-in-react-project,2026-09-24
57,stackoverflow,22949,Why does a JVM report more committed memory than the linux process resident set size?,https://stackoverflow.com/questions/31173374/why-does-a-jvm-report-more-committed-memory-than-the-linux-process-resident-set,2026-09-24
57,apple,201620,High Sierra - The path /System/Installation/Packages/OSInstall.mpkg appears to be missing or damaged,https://apple.stackexchange.com/questions/299808/high-sierra-the-path-system-installation-packages-osinstall-mpkg-appears-to-b,2026-09-24
57,apple,116245,How to clear browser cache for just one specific site in Mobile Safari?,https://apple.stackexchange.com/questions/73153/how-to-clear-browser-cache-for-just-one-specific-site-in-mobile-safari,2026-09-24
57,apple,70509,The process com.cisco.anyconnect.macos.acsockext hogs Mac CPU but cannot be killed or stopped from launching,https://apple.stackexchange.com/questions/420773/the-process-com-cisco-anyconnect-macos-acsockext-hogs-mac-cpu-but-cannot-be-kill,2026-09-24
56,stackoverflow,83281,Disabling caching in Flask,https://stackoverflow.com/questions/34066804/disabling-caching-in-flask,2026-09-24
56,apple,191267,External Hard Drive Won't Mount,https://apple.stackexchange.com/questions/268998/external-hard-drive-wont-mount,2026-09-24
56,apple,168441,How do I uninstall the command line tools for Xcode?,https://apple.stackexchange.com/questions/308943/how-do-i-uninstall-the-command-line-tools-for-xcode,2026-09-24
56,apple,76278,Why would I disable swap file in Mac OS X?,https://apple.stackexchange.com/questions/24502/why-would-i-disable-swap-file-in-mac-os-x,2026-09-24
56,apple,4175,Where did the ~/Library folder go in Lion?,https://apple.stackexchange.com/questions/17797/where-did-the-library-folder-go-in-lion,2026-09-24
55,apple,459607,How to download Bootcamp drivers without Bootcamp assistant?,https://apple.stackexchange.com/questions/24118/how-to-download-bootcamp-drivers-without-bootcamp-assistant,2026-09-24
55,apple,199107,"Best way to copy all files, ignoring errors?",https://apple.stackexchange.com/questions/39504/best-way-to-copy-all-files-ignoring-errors,2026-09-24
55,apple,177147,Can't mount exFAT external drive in macOS,https://apple.stackexchange.com/questions/293390/cant-mount-exfat-external-drive-in-macos,2026-09-24
55,apple,129479,Mount Ext4 on El Capitan,https://apple.stackexchange.com/questions/210198/mount-ext4-on-el-capitan,2026-09-24
55,apple,103572,"El Capitan: Appstore says ""downloaded"" and ""there's been an error"" (stuck)",https://apple.stackexchange.com/questions/208396/el-capitan-appstore-says-downloaded-and-theres-been-an-error-stuck,2026-09-24
55,apple,94419,what is com.apple.coresymbolicationd in caches?,https://apple.stackexchange.com/questions/83978/what-is-com-apple-coresymbolicationd-in-caches,2026-09-24
55,apple,52690,Bluetooth and WiFi interfering with one another since Yosemite,https://apple.stackexchange.com/questions/153009/bluetooth-and-wifi-interfering-with-one-another-since-yosemite,2026-09-24
55,apple,37008,Why do downloads (storedownloadd) from the Mac App Store consume so much CPU?,https://apple.stackexchange.com/questions/226121/why-do-downloads-storedownloadd-from-the-mac-app-store-consume-so-much-cpu,2026-09-24
54,stackoverflow,65688,Is it safe to manually delete all files in pkgs folder in anaconda python?,https://stackoverflow.com/questions/56266229/is-it-safe-to-manually-delete-all-files-in-pkgs-folder-in-anaconda-python,2026-09-24
54,stackoverflow,23177,Yarn 5x slower on windows,https://stackoverflow.com/questions/40566222/yarn-5x-slower-on-windows,2026-09-24
54,apple,113759,Remove recent documents history?,https://apple.stackexchange.com/questions/33446/remove-recent-documents-history,2026-09-24
53,stackoverflow,125854,Could not build the application for the simulator. Error launching application on iPhone 11 Pro Max,https://stackoverflow.com/questions/59921997/could-not-build-the-application-for-the-simulator-error-launching-application-o,2026-09-24
53,stackoverflow,72586,Command CompileSwiftSources failed with a nonzero exit code XCode 13,https://stackoverflow.com/questions/69276367/command-compileswiftsources-failed-with-a-nonzero-exit-code-xcode-13,2026-09-24
53,apple,155173,Open location of a photo in Finder from Photos.app,https://apple.stackexchange.com/questions/184578/open-location-of-a-photo-in-finder-from-photos-app,2026-09-24
53,apple,134211,How to view certificate info without installing,https://apple.stackexchange.com/questions/165215/how-to-view-certificate-info-without-installing,2026-09-24
53,apple,122343,Is there a way to show Spotlight indexing status/progress in Yosemite?,https://apple.stackexchange.com/questions/155479/is-there-a-way-to-show-spotlight-indexing-status-progress-in-yosemite,2026-09-24
53,apple,115573,Command-delete shortcut is not working for me,https://apple.stackexchange.com/questions/91168/command-delete-shortcut-is-not-working-for-me,2026-09-24
53,apple,55058,How to thin your local Time Machine Snapshots on macOS High Sierra,https://apple.stackexchange.com/questions/309143/how-to-thin-your-local-time-machine-snapshots-on-macos-high-sierra,2026-09-24
52,stackoverflow,157850,Cannot uninstall angular-cli,https://stackoverflow.com/questions/43070441/cannot-uninstall-angular-cli,2026-09-24
52,stackoverflow,138024,Package is not publishing to npm (not in the npm registry),https://stackoverflow.com/questions/64589655/package-is-not-publishing-to-npm-not-in-the-npm-registry,2026-09-24
52,stackoverflow,54526,EXPO: Unable to resolve module ‘./debugger,https://stackoverflow.com/questions/59658998/expo-unable-to-resolve-module-debugger,2026-09-24
52,stackoverflow,15485,Unknown attribute warning in XML,https://stackoverflow.com/questions/72622172/unknown-attribute-warning-in-xml,2026-09-24
52,apple,427108,How to start a slideshow on the Mac quickly and easily?,https://apple.stackexchange.com/questions/26449/how-to-start-a-slideshow-on-the-mac-quickly-and-easily,2026-09-24
52,apple,135494,"AirPods choppy/unreliable when connected to Mac, but not iPhone",https://apple.stackexchange.com/questions/277923/airpods-choppy-unreliable-when-connected-to-mac-but-not-iphone,2026-09-24
52,apple,20880,How to place Dictionary definitions higher up in spotlight results,https://apple.stackexchange.com/questions/22897/how-to-place-dictionary-definitions-higher-up-in-spotlight-results,2026-09-24
52,apple,14420,"How do I remove duplicate ""Open With"" context menu items in Finder.app?",https://apple.stackexchange.com/questions/10523/how-do-i-remove-duplicate-open-with-context-menu-items-in-finder-app,2026-09-24
51,superuser,114093,Keystroke to reload a page without cache in Chrome for OS X,https://superuser.com/questions/391086/keystroke-to-reload-a-page-without-cache-in-chrome-for-os-x,2026-09-24
51,stackoverflow,88998,'grunt' is not recognized as an internal or external command for some windows users,https://stackoverflow.com/questions/25365377/grunt-is-not-recognized-as-an-internal-or-external-command-for-some-windows-us,2026-09-24
51,stackoverflow,16131,npx create-react-app prompting to globally uninstall non-existent create-react-app package?,https://stackoverflow.com/questions/70352503/npx-create-react-app-prompting-to-globally-uninstall-non-existent-create-react-a,2026-09-24
51,apple,117182,iCloud Drive Won't Sync on Mac,https://apple.stackexchange.com/questions/313716/icloud-drive-wont-sync-on-mac,2026-09-24
51,apple,33234,I need to examine an 82.7 GB (!) text file. What can open it?,https://apple.stackexchange.com/questions/382263/i-need-to-examine-an-82-7-gb-text-file-what-can-open-it,2026-09-24
50,stackoverflow,34034,"React-native bundling failure. ERROR MESSAGE: ""While trying to resolve module 'idb'..... Indeed none of these files exist"":",https://stackoverflow.com/questions/72179070/react-native-bundling-failure-error-message-while-trying-to-resolve-module-i,2026-09-24
50,stackoverflow,30914,Angular No module factory available for dependency type: ContextElementDependency,https://stackoverflow.com/questions/46809626/angular-no-module-factory-available-for-dependency-type-contextelementdependenc,2026-09-24
50,apple,99676,OS X 10.10.1 /etc/hosts & /private/etc/hosts file is being ignored and not resolving,https://apple.stackexchange.com/questions/158117/os-x-10-10-1-etc-hosts-private-etc-hosts-file-is-being-ignored-and-not-resol,2026-09-24
50,apple,34860,Time Machine - List of Files that were backed up,https://apple.stackexchange.com/questions/68515/time-machine-list-of-files-that-were-backed-up,2026-09-24
50,apple,17545,How to determine original location of file that is currently in the Trash?,https://apple.stackexchange.com/questions/52357/how-to-determine-original-location-of-file-that-is-currently-in-the-trash,2026-09-24
49,stackoverflow,67229,bower behind a proxy,https://stackoverflow.com/questions/21705091/bower-behind-a-proxy,2026-09-24
49,stackoverflow,63215,"failed to start daemon: Error initializing network controller: Error creating default ""bridge"" network",https://stackoverflow.com/questions/65213831/failed-to-start-daemon-error-initializing-network-controller-error-creating-de,2026-09-24
49,stackoverflow,43821,React-native installing required CocoaPods dependencies stuck,https://stackoverflow.com/questions/56896224/react-native-installing-required-cocoapods-dependencies-stuck,2026-09-24
49,stackoverflow,32556,How do I search for packages using yarn?,https://stackoverflow.com/questions/41886967/how-do-i-search-for-packages-using-yarn,2026-09-24
49,apple,53097,how to check if it is safe to delete iNode file (or how to inspect its contents)?,https://apple.stackexchange.com/questions/180683/how-to-check-if-it-is-safe-to-delete-inode-file-or-how-to-inspect-its-contents,2026-09-24
48,stackoverflow,71255,I am getting error while converting my next js project to docker,https://stackoverflow.com/questions/70608086/i-am-getting-error-while-converting-my-next-js-project-to-docker,2026-09-24
48,apple,107780,"Disable storage of invisible files ""._"" on my cfs or smb network storage",https://apple.stackexchange.com/questions/136248/disable-storage-of-invisible-files-on-my-cfs-or-smb-network-storage,2026-09-24
48,apple,57128,Why is Safari ignoring my /etc/hosts file?,https://apple.stackexchange.com/questions/92710/why-is-safari-ignoring-my-etc-hosts-file,2026-09-24
48,apple,34053,iPhone asks 'Trust This Computer' again,https://apple.stackexchange.com/questions/365552/iphone-asks-trust-this-computer-again,2026-09-24
47,apple,144505,How to export photos from the new Photos app in full quality?,https://apple.stackexchange.com/questions/188510/how-to-export-photos-from-the-new-photos-app-in-full-quality,2026-09-24
47,apple,98303,How can I reprogram OSX to use Windows-style shortcuts for all operations?,https://apple.stackexchange.com/questions/312656/how-can-i-reprogram-osx-to-use-windows-style-shortcuts-for-all-operations,2026-09-24
47,apple,95763,What's the best NAS for home usage with Macs?,https://apple.stackexchange.com/questions/5165/whats-the-best-nas-for-home-usage-with-macs,2026-09-24
47,apple,35004,Disable spellcheck and autocorrect in Notes forever,https://apple.stackexchange.com/questions/293054/disable-spellcheck-and-autocorrect-in-notes-forever,2026-09-24
46,superuser,45635,Chrome Using 7.6GB of Disk Space. Has a File 5.9GB that hasn't been Accessed for 92 Days,https://superuser.com/questions/657352/chrome-using-7-6gb-of-disk-space-has-a-file-5-9gb-that-hasnt-been-accessed-for,2026-09-24
46,stackoverflow,102520,Angular CLI ng command not found on Mac Os,https://stackoverflow.com/questions/58138138/angular-cli-ng-command-not-found-on-mac-os,2026-09-24
46,apple,145515,How can I convert a DMG to ISO on Mac OS X (preferably for free)?,https://apple.stackexchange.com/questions/94330/how-can-i-convert-a-dmg-to-iso-on-mac-os-x-preferably-for-free,2026-09-24
46,apple,140429,What does Purgeable mean in Storage under About This Mac section?,https://apple.stackexchange.com/questions/252217/what-does-purgeable-mean-in-storage-under-about-this-mac-section,2026-09-24
46,apple,109054,How do I quickly find large files and folders on my mac?,https://apple.stackexchange.com/questions/118167/how-do-i-quickly-find-large-files-and-folders-on-my-mac,2026-09-24
46,apple,93735,Emptying trash of the USB drive,https://apple.stackexchange.com/questions/6434/emptying-trash-of-the-usb-drive,2026-09-24
46,apple,61655,Spotlight shortcut (cmd+space) no longer working,https://apple.stackexchange.com/questions/318100/spotlight-shortcut-cmdspace-no-longer-working,2026-09-24
46,apple,23361,"Installing tmux but getting ""dyld: Library not loaded Referenced from: /usr/""",https://apple.stackexchange.com/questions/127186/installing-tmux-but-getting-dyld-library-not-loaded-referenced-from-usr,2026-09-24
46,apple,19473,Removing a specific app from spotlight,https://apple.stackexchange.com/questions/191028/removing-a-specific-app-from-spotlight,2026-09-24
46,apple,13290,"AppleCare engineer says Macs need weekly reboots b/c ""kernel expires"". What's that mean?",https://apple.stackexchange.com/questions/286876/applecare-engineer-says-macs-need-weekly-reboots-b-c-kernel-expires-whats-th,2026-09-24
45,superuser,250400,Location of Chrome cache on Mac OS X,https://superuser.com/questions/197786/location-of-chrome-cache-on-mac-os-x,2026-09-24
45,superuser,42079,How to automatically remove Flash history/privacy trail? Or stop Flash from storing it?,https://superuser.com/questions/1627/how-to-automatically-remove-flash-history-privacy-trail-or-stop-flash-from-stor,2026-09-24
45,stackoverflow,36001,Why does Browser still sends request for cache-control public with max-age?,https://stackoverflow.com/questions/18557251/why-does-browser-still-sends-request-for-cache-control-public-with-max-age,2026-09-24
45,apple,235559,My SD card slot doesn't work,https://apple.stackexchange.com/questions/92232/my-sd-card-slot-doesnt-work,2026-09-24
45,apple,110790,How can I install java openjdk 8 on High Sierra or newer macOS,https://apple.stackexchange.com/questions/334384/how-can-i-install-java-openjdk-8-on-high-sierra-or-newer-macos,2026-09-24
45,apple,105801,How do I kill a process that won't die?,https://apple.stackexchange.com/questions/119526/how-do-i-kill-a-process-that-wont-die,2026-09-24
45,apple,98702,Where is the httpd error log file on Lion?,https://apple.stackexchange.com/questions/40713/where-is-the-httpd-error-log-file-on-lion,2026-09-24
45,apple,14679,Prevent spotlight from indexing folders with a certain name,https://apple.stackexchange.com/questions/247019/prevent-spotlight-from-indexing-folders-with-a-certain-name,2026-09-24
44,stackoverflow,170729,"mach-o file, but is an incompatible architecture (have 'arm64', need 'x86_64') in Flutter",https://stackoverflow.com/questions/71882029/mach-o-file-but-is-an-incompatible-architecture-have-arm64-need-x86-64-i,2026-09-24
44,apple,80643,How can I create or recreate a Lion recovery partition?,https://apple.stackexchange.com/questions/19145/how-can-i-create-or-recreate-a-lion-recovery-partition,2026-09-24
44,apple,77893,How to add hibernate mode to MacBook Pro,https://apple.stackexchange.com/questions/126669/how-to-add-hibernate-mode-to-macbook-pro,2026-09-24
44,apple,11597,"Xcode doesn't show up in spotlight results, neither search results",https://apple.stackexchange.com/questions/72856/xcode-doesnt-show-up-in-spotlight-results-neither-search-results,2026-09-24
44,apple,2405,How is the Y value for the Memory Pressure graph in Activity Monitor calculated?,https://apple.stackexchange.com/questions/170227/how-is-the-y-value-for-the-memory-pressure-graph-in-activity-monitor-calculated,2026-09-24
43,stackoverflow,130470,Disable npm cache,https://stackoverflow.com/questions/36155072/disable-npm-cache,2026-09-24
43,stackoverflow,55229,Failed to create endpoint on network nat: hnsCall failed in Win32: The process cannot access the file,https://stackoverflow.com/questions/53836103/failed-to-create-endpoint-on-network-nat-hnscall-failed-in-win32-the-process-c,2026-09-24
43,stackoverflow,45258,Next.js TypeScript Error: You do not have the required packages installed,https://stackoverflow.com/questions/71842787/next-js-typescript-error-you-do-not-have-the-required-packages-installed,2026-09-24
43,stackoverflow,37207,"docker stack deploy results in ""No such image error""",https://stackoverflow.com/questions/47470115/docker-stack-deploy-results-in-no-such-image-error,2026-09-24
43,apple,90201,How do I delete a single file from the Trash?,https://apple.stackexchange.com/questions/24102/how-do-i-delete-a-single-file-from-the-trash,2026-09-24
42,stackoverflow,36601,"Getting ""verifyReleaseResources"" error after upgrading React Native",https://stackoverflow.com/questions/52613089/getting-verifyreleaseresources-error-after-upgrading-react-native,2026-09-24
42,stackoverflow,29700,No access permission error with npm global install on docker image,https://stackoverflow.com/questions/44633419/no-access-permission-error-with-npm-global-install-on-docker-image,2026-09-24
42,apple,109538,Repair Time Machine sparsebundle that will no longer mount,https://apple.stackexchange.com/questions/18482/repair-time-machine-sparsebundle-that-will-no-longer-mount,2026-09-24
42,apple,58578,How to free up a swap space manually without restart?,https://apple.stackexchange.com/questions/325098/how-to-free-up-a-swap-space-manually-without-restart,2026-09-24
42,apple,29990,How to securely erase an SSD drive?,https://apple.stackexchange.com/questions/6278/how-to-securely-erase-an-ssd-drive,2026-09-24
42,apple,29848,MacBook Pro high CPU with external monitors,https://apple.stackexchange.com/questions/324857/macbook-pro-high-cpu-with-external-monitors,2026-09-24
41,stackoverflow,51051,Cannot find module 'ngx-bootstrap',https://stackoverflow.com/questions/61083880/cannot-find-module-ngx-bootstrap,2026-09-24
41,stackoverflow,7366,Adding several pods increases iOS app launch time by 10+ seconds,https://stackoverflow.com/questions/31080284/adding-several-pods-increases-ios-app-launch-time-by-10-seconds,2026-09-24
41,apple,563143,iCloud has space but iCloud Backup says that I don't have enough to complete a backup,https://apple.stackexchange.com/questions/115715/icloud-has-space-but-icloud-backup-says-that-i-dont-have-enough-to-complete-a-b,2026-09-24
41,apple,62442,How to delete all local TimeMachine snapshots,https://apple.stackexchange.com/questions/340905/how-to-delete-all-local-timemachine-snapshots,2026-09-24
41,apple,49006,Why is kernel_task using so much CPU?,https://apple.stackexchange.com/questions/209575/why-is-kernel-task-using-so-much-cpu,2026-09-24
41,apple,17017,How do I uninstall a program completely on a Mac?,https://apple.stackexchange.com/questions/470/how-do-i-uninstall-a-program-completely-on-a-mac,2026-09-24
40,stackoverflow,43317,Error: The method 'inheritFromWidgetOfExactType' isn't defined for the class 'BuildContext',https://stackoverflow.com/questions/65749767/error-the-method-inheritfromwidgetofexacttype-isnt-defined-for-the-class-bu,2026-09-24
40,stackoverflow,16933,Can packages be shared across Anaconda environments?,https://stackoverflow.com/questions/50395044/can-packages-be-shared-across-anaconda-environments,2026-09-24
40,stackoverflow,16502,Clear *just one* package from NPM cache,https://stackoverflow.com/questions/49935118/clear-just-one-package-from-npm-cache,2026-09-24
40,apple,112777,"How to resolve error: ""Couldn't modify partition map because file system verification failed""?",https://apple.stackexchange.com/questions/29186/how-to-resolve-error-couldnt-modify-partition-map-because-file-system-verific,2026-09-24
40,apple,97662,How can I use an existing Time Machine backup with my new computer?,https://apple.stackexchange.com/questions/32841/how-can-i-use-an-existing-time-machine-backup-with-my-new-computer,2026-09-24
40,apple,80641,Damaged and can't be open app error message,https://apple.stackexchange.com/questions/58050/damaged-and-cant-be-open-app-error-message,2026-09-24
40,apple,78735,Searching by file name (as opposed to name and contents) in Lion,https://apple.stackexchange.com/questions/18483/searching-by-file-name-as-opposed-to-name-and-contents-in-lion,2026-09-24
40,apple,71219,Resizing or expanding a CoreStorage volume,https://apple.stackexchange.com/questions/154964/resizing-or-expanding-a-corestorage-volume,2026-09-24
40,apple,62355,Can't update Xcode,https://apple.stackexchange.com/questions/232802/cant-update-xcode,2026-09-24
40,apple,50916,"Spotlight reports ""Indexing and searching disabled"" in Lion",https://apple.stackexchange.com/questions/24401/spotlight-reports-indexing-and-searching-disabled-in-lion,2026-09-24
40,apple,32067,How Do I Fully Flush Cached Redirects From Safari?,https://apple.stackexchange.com/questions/227662/how-do-i-fully-flush-cached-redirects-from-safari,2026-09-24
40,apple,24557,Any way to get the last times the screen was unlocked in macOS?,https://apple.stackexchange.com/questions/331589/any-way-to-get-the-last-times-the-screen-was-unlocked-in-macos,2026-09-24
39,stackoverflow,135834,"How to fix ""Android resource linking failed"" error in Android Studio?",https://stackoverflow.com/questions/66413144/how-to-fix-android-resource-linking-failed-error-in-android-studio,2026-09-24
39,stackoverflow,86034,IntelliJ error: cannot find symbol @javax.annotation.Generated,https://stackoverflow.com/questions/61880867/intellij-error-cannot-find-symbol-javax-annotation-generated,2026-09-24
39,stackoverflow,24852,why does docker prune not remove my dangling images?,https://stackoverflow.com/questions/47620016/why-does-docker-prune-not-remove-my-dangling-images,2026-09-24
39,apple,40487,The backup on Server is already in use,https://apple.stackexchange.com/questions/117368/the-backup-on-server-is-already-in-use,2026-09-24
39,apple,39031,OS X El-Capitan - /cores directory taking up a lot of space?,https://apple.stackexchange.com/questions/215410/os-x-el-capitan-cores-directory-taking-up-a-lot-of-space,2026-09-24
39,apple,20725,Spotlight on Mac doesn't accept keyboard input,https://apple.stackexchange.com/questions/285279/spotlight-on-mac-doesnt-accept-keyboard-input,2026-09-24
38,stackoverflow,108500,How to delete a docker image?,https://stackoverflow.com/questions/65895928/how-to-delete-a-docker-image,2026-09-24
38,stackoverflow,100452,docker/httpd: Configuration error: No MPM loaded,https://stackoverflow.com/questions/48525092/docker-httpd-configuration-error-no-mpm-loaded,2026-09-24
38,stackoverflow,14501,Dealing with duplicate contacts due to linked cards in iOS' Address Book API,https://stackoverflow.com/questions/11351454/dealing-with-duplicate-contacts-due-to-linked-cards-in-ios-address-book-api,2026-09-24
38,apple,286605,Unable to format / erase hard drive,https://apple.stackexchange.com/questions/125965/unable-to-format-erase-hard-drive,2026-09-24
38,apple,57696,How can I move virtual memory swap files to a different drive or partition?,https://apple.stackexchange.com/questions/1465/how-can-i-move-virtual-memory-swap-files-to-a-different-drive-or-partition,2026-09-24
37,stackoverflow,44080,"Docker prune stuck in ""a prune operation is already running""",https://stackoverflow.com/questions/49024987/docker-prune-stuck-in-a-prune-operation-is-already-running,2026-09-24
37,stackoverflow,10805,All Activities and layouts got corrupted in Android Studio,https://stackoverflow.com/questions/53505896/all-activities-and-layouts-got-corrupted-in-android-studio,2026-09-24
37,apple,180264,"USB Drive Will Not Mount, Not Listed in Disk Utilities, but Found In System Profiler",https://apple.stackexchange.com/questions/183003/usb-drive-will-not-mount-not-listed-in-disk-utilities-but-found-in-system-prof,2026-09-24
37,apple,151854,Removing news headlines from Spotlight Search in iOS 9,https://apple.stackexchange.com/questions/206080/removing-news-headlines-from-spotlight-search-in-ios-9,2026-09-24
37,apple,46181,External ISO keyboards treated as ANSI since MacBook Pro upgraded to macOS Sierra 10.12,https://apple.stackexchange.com/questions/255082/external-iso-keyboards-treated-as-ansi-since-macbook-pro-upgraded-to-macos-sierr,2026-09-24
37,apple,8896,Opening tab in Terminal resizes window,https://apple.stackexchange.com/questions/55280/opening-tab-in-terminal-resizes-window,2026-09-24
37,apple,7238,How to remove Google Chrome from Spotlight suggestions in macOS Big Sur,https://apple.stackexchange.com/questions/407010/how-to-remove-google-chrome-from-spotlight-suggestions-in-macos-big-sur,2026-09-24
36,stackoverflow,162232,Android Studio: Resolving Duplicate Classes,https://stackoverflow.com/questions/36990054/android-studio-resolving-duplicate-classes,2026-09-24
36,apple,236283,How can I clean up 'Other' storage on iPhone 3G?,https://apple.stackexchange.com/questions/8456/how-can-i-clean-up-other-storage-on-iphone-3g,2026-09-24
36,apple,179917,Unable to Resize Partitions,https://apple.stackexchange.com/questions/134498/unable-to-resize-partitions,2026-09-24
36,apple,123549,how to quickly reboot from OSX to Windows and back,https://apple.stackexchange.com/questions/9492/how-to-quickly-reboot-from-osx-to-windows-and-back,2026-09-24
36,apple,75674,"How to get the ""securely erase"" function of Disk Utility on El Capitan & Sierra",https://apple.stackexchange.com/questions/258170/how-to-get-the-securely-erase-function-of-disk-utility-on-el-capitan-sierra,2026-09-24
36,apple,28206,How can I add Trash icon to the sidebar in Mac OS X Lion?,https://apple.stackexchange.com/questions/22274/how-can-i-add-trash-icon-to-the-sidebar-in-mac-os-x-lion,2026-09-24
36,apple,7016,Do computers slow down as they age?,https://apple.stackexchange.com/questions/46324/do-computers-slow-down-as-they-age,2026-09-24
35,superuser,44479,Debian: creating Windows 10 bootable install USB-drive using terminal (dd),https://superuser.com/questions/1527197/debian-creating-windows-10-bootable-install-usb-drive-using-terminal-dd,2026-09-24
35,stackoverflow,5573,Xcode 10 simulator runtime is not available: runtime profile not found error,https://stackoverflow.com/questions/53261256/xcode-10-simulator-runtime-is-not-available-runtime-profile-not-found-error,2026-09-24
35,apple,117820,"M1 Mac clean install, getting stuck at ""Create a computer account""",https://apple.stackexchange.com/questions/408876/m1-mac-clean-install-getting-stuck-at-create-a-computer-account,2026-09-24
35,apple,80886,"Can't remove ""Install macOS High Sierra.app""",https://apple.stackexchange.com/questions/336565/cant-remove-install-macos-high-sierra-app,2026-09-24
35,apple,64663,macOS High Sierra restarting by itself during sleep,https://apple.stackexchange.com/questions/311072/macos-high-sierra-restarting-by-itself-during-sleep,2026-09-24
35,apple,24812,Terminal login hangs,https://apple.stackexchange.com/questions/267668/terminal-login-hangs,2026-09-24
35,apple,15734,"How to set ""date added"" metadata in Mac OS X 10.7 Lion",https://apple.stackexchange.com/questions/40941/how-to-set-date-added-metadata-in-mac-os-x-10-7-lion,2026-09-24
35,apple,11689,Strange case of truly invisible file (?) and undeletable directory on macOS,https://apple.stackexchange.com/questions/352599/strange-case-of-truly-invisible-file-and-undeletable-directory-on-macos,2026-09-24
34,stackoverflow,76186,Error when running emulator: Not enough disk space to run AVD,https://stackoverflow.com/questions/53570168/error-when-running-emulator-not-enough-disk-space-to-run-avd,2026-09-24
34,stackoverflow,37163,docker-compose keeps using old image content,https://stackoverflow.com/questions/44461035/docker-compose-keeps-using-old-image-content,2026-09-24
34,apple,203171,Disk Utility won't Unmount HD for formatting,https://apple.stackexchange.com/questions/105673/disk-utility-wont-unmount-hd-for-formatting,2026-09-24
34,apple,81716,Can't reformat SD card (Yosemite),https://apple.stackexchange.com/questions/220289/cant-reformat-sd-card-yosemite,2026-09-24
34,apple,55585,macOS not showing the actual free space,https://apple.stackexchange.com/questions/324440/macos-not-showing-the-actual-free-space,2026-09-24
34,apple,24485,Swap CMD and Alt only on external keyboard,https://apple.stackexchange.com/questions/225089/swap-cmd-and-alt-only-on-external-keyboard,2026-09-24
34,apple,21724,< and ^ keys are swapped,https://apple.stackexchange.com/questions/239395/and-keys-are-swapped,2026-09-24
34,apple,18603,Is there a way via the command line to cause .icloud files to download?,https://apple.stackexchange.com/questions/328329/is-there-a-way-via-the-command-line-to-cause-icloud-files-to-download,2026-09-24
34,apple,9741,Spotlight is slow in Catalina,https://apple.stackexchange.com/questions/379986/spotlight-is-slow-in-catalina,2026-09-24
33,stackoverflow,69043,Super Slow Docker Build,https://stackoverflow.com/questions/59615266/super-slow-docker-build,2026-09-24
33,stackoverflow,27677,Deploy Docker Container with Compose & Github Actions,https://stackoverflow.com/questions/67023441/deploy-docker-container-with-compose-github-actions,2026-09-24
33,apple,37593,Unable to completely uninstall Zoom meeting app,https://apple.stackexchange.com/questions/358651/unable-to-completely-uninstall-zoom-meeting-app,2026-09-24
33,apple,29689,Enable ssh-key-only login to my Mac for 1 user,https://apple.stackexchange.com/questions/58632/enable-ssh-key-only-login-to-my-mac-for-1-user,2026-09-24
33,apple,28597,How to uninstall a program through the App Store?,https://apple.stackexchange.com/questions/42079/how-to-uninstall-a-program-through-the-app-store,2026-09-24
33,apple,16324,"How to programatically add folder to Spotlight ""do not index""?",https://apple.stackexchange.com/questions/87090/how-to-programatically-add-folder-to-spotlight-do-not-index,2026-09-24
33,apple,16170,How can I stop Parallels Desktop from listing Apps from a VM available in Spotlight?,https://apple.stackexchange.com/questions/308927/how-can-i-stop-parallels-desktop-from-listing-apps-from-a-vm-available-in-spotli,2026-09-24
33,apple,3017,"Spotlight search to Bluetooth settings hindered by ""Bluetooth file exchange""",https://apple.stackexchange.com/questions/328888/spotlight-search-to-bluetooth-settings-hindered-by-bluetooth-file-exchange,2026-09-24
32,stackoverflow,59443,unable to find attribute android:font for v7 support,https://stackoverflow.com/questions/47062650/unable-to-find-attribute-androidfont-for-v7-support,2026-09-24
32,apple,80320,How to disable Spotlight and mds_stores on Mac OS Catalina,https://apple.stackexchange.com/questions/388882/how-to-disable-spotlight-and-mds-stores-on-mac-os-catalina,2026-09-24
32,apple,77965,Why is a secure erase 'not necessary' for SSD's?,https://apple.stackexchange.com/questions/146733/why-is-a-secure-erase-not-necessary-for-ssds,2026-09-24
32,apple,69867,"macOS Catalina: ""App is damaged and can't be opened. You should move it to the trash.""",https://apple.stackexchange.com/questions/372084/macos-catalina-app-is-damaged-and-cant-be-opened-you-should-move-it-to-the-t,2026-09-24
32,apple,29587,Screenshot to clipboard by default,https://apple.stackexchange.com/questions/365500/screenshot-to-clipboard-by-default,2026-09-24
32,apple,7241,How to copy an image from screenshot's markup?,https://apple.stackexchange.com/questions/367962/how-to-copy-an-image-from-screenshots-markup,2026-09-24
31,superuser,15231,Can I continue using a partially corrupt hard drive by stripping out the bad sectors?,https://superuser.com/questions/1562412/can-i-continue-using-a-partially-corrupt-hard-drive-by-stripping-out-the-bad-sec,2026-09-24
31,stackoverflow,14895,Using Homebrew how do I remove some specific versions but not all old versions,https://stackoverflow.com/questions/23957630/using-homebrew-how-do-i-remove-some-specific-versions-but-not-all-old-versions,2026-09-24
31,apple,99347,Simple way to see a list of installed iOS apps with their storage space size?,https://apple.stackexchange.com/questions/4048/simple-way-to-see-a-list-of-installed-ios-apps-with-their-storage-space-size,2026-09-24
31,apple,88265,"""XXX can't be opened. You should move it to trash."" for flash projector applications on mac os sierra",https://apple.stackexchange.com/questions/262355/xxx-cant-be-opened-you-should-move-it-to-trash-for-flash-projector-applicat,2026-09-24
31,apple,66149,Huge Apple Mail Logs (Connection Logging Enabled),https://apple.stackexchange.com/questions/223390/huge-apple-mail-logs-connection-logging-enabled,2026-09-24
31,apple,61061,"""iTunes can’t verify the identity of the server ..."" after a Security Update in Mavericks or upgrade to El Capitan",https://apple.stackexchange.com/questions/180570/itunes-can-t-verify-the-identity-of-the-server-after-a-security-update-in,2026-09-24
31,apple,40664,"What does ""Reinstall macOS"" do, exactly?",https://apple.stackexchange.com/questions/276766/what-does-reinstall-macos-do-exactly,2026-09-24
31,apple,38804,Dropbox asking for permissions to wrong folder after changing account name,https://apple.stackexchange.com/questions/128551/dropbox-asking-for-permissions-to-wrong-folder-after-changing-account-name,2026-09-24
31,apple,28549,Intriguing connection issue on OS X,https://apple.stackexchange.com/questions/89842/intriguing-connection-issue-on-os-x,2026-09-24
31,apple,17014,APFS - how do I enable transparent compression,https://apple.stackexchange.com/questions/360120/apfs-how-do-i-enable-transparent-compression,2026-09-24
30,stackoverflow,75520,Why is Tensorflow not recognizing my GPU after conda install?,https://stackoverflow.com/questions/65273118/why-is-tensorflow-not-recognizing-my-gpu-after-conda-install,2026-09-24
30,stackoverflow,13243,How can I use the iOS Simulator to simulate an out of disk space condition?,https://stackoverflow.com/questions/25931711/how-can-i-use-the-ios-simulator-to-simulate-an-out-of-disk-space-condition,2026-09-24
30,stackoverflow,4307,iOS 12 specific problem: Core Data External Storage Binary Data corruption,https://stackoverflow.com/questions/52586564/ios-12-specific-problem-core-data-external-storage-binary-data-corruption,2026-09-24
30,apple,79601,"Books automatically deletes my books when offline, and when there is enough space on device",https://apple.stackexchange.com/questions/344271/books-automatically-deletes-my-books-when-offline-and-when-there-is-enough-spac,2026-09-24
30,apple,46550,Preview - Export to PDF without margins,https://apple.stackexchange.com/questions/112546/preview-export-to-pdf-without-margins,2026-09-24
30,apple,40459,Using rsync to backup,https://apple.stackexchange.com/questions/224747/using-rsync-to-backup,2026-09-24
30,apple,15145,Where is the postfix log on Sierra?,https://apple.stackexchange.com/questions/276322/where-is-the-postfix-log-on-sierra,2026-09-24
30,apple,3378,How can I free up some disk space?,https://apple.stackexchange.com/questions/860/how-can-i-free-up-some-disk-space,2026-09-24
30,apple,3118,What is the significance of 1946-02-14 08:34:56?,https://apple.stackexchange.com/questions/141384/what-is-the-significance-of-1946-02-14-083456,2026-09-24
29,superuser,120546,Windows 8 extremely high disk usage and slow IO,https://superuser.com/questions/591250/windows-8-extremely-high-disk-usage-and-slow-io,2026-09-24
29,superuser,80760,OSX Sierra hosts file is ignored,https://superuser.com/questions/1191172/osx-sierra-hosts-file-is-ignored,2026-09-24
29,stackoverflow,29438,System.Net.Http.HttpRequestException: Cannot assign requested address - error while communicating between 2 .net core web apps in localhost,https://stackoverflow.com/questions/68913012/system-net-http-httprequestexception-cannot-assign-requested-address-error-wh,2026-09-24
29,stackoverflow,17142,Chrome ignores the ETag header and just uses the in memory cache/disk cache,https://stackoverflow.com/questions/43659756/chrome-ignores-the-etag-header-and-just-uses-the-in-memory-cache-disk-cache,2026-09-24
29,apple,158590,macOS Won't Show WiFi Login Page,https://apple.stackexchange.com/questions/376401/macos-wont-show-wifi-login-page,2026-09-24
29,apple,92109,How can I clean up my user Library folder?,https://apple.stackexchange.com/questions/61911/how-can-i-clean-up-my-user-library-folder,2026-09-24
29,apple,46483,APFS on external drive missing from Disk Utility,https://apple.stackexchange.com/questions/363407/apfs-on-external-drive-missing-from-disk-utility,2026-09-24
28,superuser,21002,Remove Applications from Location Services in Security & Privacy on Mac OS X 10.8,https://superuser.com/questions/526183/remove-applications-from-location-services-in-security-privacy-on-mac-os-x-10,2026-09-24
28,stackoverflow,54351,Trouble updating to Spyder 4.0.0,https://stackoverflow.com/questions/59265097/trouble-updating-to-spyder-4-0-0,2026-09-24
28,stackoverflow,36439,docker-compose mariadb docker-entrypoint-initdb.d sql is not executed,https://stackoverflow.com/questions/62922399/docker-compose-mariadb-docker-entrypoint-initdb-d-sql-is-not-executed,2026-09-24
28,stackoverflow,21203,Building docs fails due to missing pandoc,https://stackoverflow.com/questions/62398231/building-docs-fails-due-to-missing-pandoc,2026-09-24
28,apple,407335,Where do I find my user folder in the OS X folder hierarchy?,https://apple.stackexchange.com/questions/51280/where-do-i-find-my-user-folder-in-the-os-x-folder-hierarchy,2026-09-24
28,apple,129895,"What is ""secd"" process?",https://apple.stackexchange.com/questions/159809/what-is-secd-process,2026-09-24
28,apple,104856,Using my own server instead of iCloud,https://apple.stackexchange.com/questions/178917/using-my-own-server-instead-of-icloud,2026-09-24
28,apple,98790,Does Time Machine restore whole system?,https://apple.stackexchange.com/questions/328624/does-time-machine-restore-whole-system,2026-09-24
28,apple,78187,"homebrew. Cant start service. get ""Bootstrap failed: 5: Input/output error - Postgres - Mac",https://apple.stackexchange.com/questions/429012/homebrew-cant-start-service-get-bootstrap-failed-5-input-output-error-pos,2026-09-24
28,apple,56536,Macbook Pro freezes after sleep,https://apple.stackexchange.com/questions/299920/macbook-pro-freezes-after-sleep,2026-09-24
28,apple,45734,Re-downloading apps purchased in a different country?,https://apple.stackexchange.com/questions/86349/re-downloading-apps-purchased-in-a-different-country,2026-09-24
28,apple,44792,What folders can be safely excluded from Time Machine backup?,https://apple.stackexchange.com/questions/131399/what-folders-can-be-safely-excluded-from-time-machine-backup,2026-09-24
28,apple,6408,Prevent OS X from changing Spaces after quitting an App?,https://apple.stackexchange.com/questions/19878/prevent-os-x-from-changing-spaces-after-quitting-an-app,2026-09-24
27,superuser,6902,Why is bash completion being loaded so slow on OS X?,https://superuser.com/questions/311056/why-is-bash-completion-being-loaded-so-slow-on-os-x,2026-09-24
27,stackoverflow,42402,Flutter.h not found error,https://stackoverflow.com/questions/50671286/flutter-h-not-found-error,2026-09-24
27,stackoverflow,23809,Activate and switch Anaconda environment in Dockerfile during build,https://stackoverflow.com/questions/56510575/activate-and-switch-anaconda-environment-in-dockerfile-during-build,2026-09-24
27,stackoverflow,23696,Flutter: Cocoapods The 'Pods-Runner' target has transitive dependencies that include static binaries: Flutter.framework,https://stackoverflow.com/questions/50306019/flutter-cocoapods-the-pods-runner-target-has-transitive-dependencies-that-inc,2026-09-24
27,stackoverflow,5565,How to reduce the number of files in the anaconda directory?,https://stackoverflow.com/questions/40241133/how-to-reduce-the-number-of-files-in-the-anaconda-directory,2026-09-24
27,apple,176953,Is it safe to delete the contents of Library/Application Support/MobileSync/Backup if using iCloud?,https://apple.stackexchange.com/questions/52107/is-it-safe-to-delete-the-contents-of-library-application-support-mobilesync-back,2026-09-24
27,apple,94097,Safari can't connect to https,https://apple.stackexchange.com/questions/53562/safari-cant-connect-to-https,2026-09-24
27,apple,67456,Can I move the Google Drive folder to a different volume?,https://apple.stackexchange.com/questions/247114/can-i-move-the-google-drive-folder-to-a-different-volume,2026-09-24
26,stackoverflow,56611,What does `docker system prune -a` actually do?,https://stackoverflow.com/questions/62915681/what-does-docker-system-prune-a-actually-do,2026-09-24
26,stackoverflow,13242,Can someone explain Google Chrome in-memory cache?,https://stackoverflow.com/questions/35514369/can-someone-explain-google-chrome-in-memory-cache,2026-09-24
26,apple,312214,How can I turn off iCloud storage space warning notifications?,https://apple.stackexchange.com/questions/233656/how-can-i-turn-off-icloud-storage-space-warning-notifications,2026-09-24
26,apple,66746,Gigabytes of disk space shown as hidden space in DaisyDisk,https://apple.stackexchange.com/questions/44877/gigabytes-of-disk-space-shown-as-hidden-space-in-daisydisk,2026-09-24
26,apple,62693,"Random Restarts with ""Sleep Wake Failure"" error on Mavericks",https://apple.stackexchange.com/questions/119423/random-restarts-with-sleep-wake-failure-error-on-mavericks,2026-09-24
26,apple,47327,How to know the name of UI elements using Accessibility inspector (or any other tool),https://apple.stackexchange.com/questions/40436/how-to-know-the-name-of-ui-elements-using-accessibility-inspector-or-any-other,2026-09-24
26,apple,30529,iPhone-Mac connection issue and what does the usbd process do?,https://apple.stackexchange.com/questions/382002/iphone-mac-connection-issue-and-what-does-the-usbd-process-do,2026-09-24
26,apple,26510,MBP SSD upgrade - which settings to change?,https://apple.stackexchange.com/questions/75921/mbp-ssd-upgrade-which-settings-to-change,2026-09-24
26,apple,14540,Does Time Machine support APFS?,https://apple.stackexchange.com/questions/299708/does-time-machine-support-apfs,2026-09-24
25,stackoverflow,7488,UIImagePickerController bug,https://stackoverflow.com/questions/19397873/uiimagepickercontroller-bug,2026-09-24
25,apple,206033,Transferring PDFs from iBooks to your laptop/desktop,https://apple.stackexchange.com/questions/42571/transferring-pdfs-from-ibooks-to-your-laptop-desktop,2026-09-24
25,apple,149141,Force USB to accept a large file?,https://apple.stackexchange.com/questions/77006/force-usb-to-accept-a-large-file,2026-09-24
25,apple,106052,Why does OS X Mavericks block the purge command in Terminal?,https://apple.stackexchange.com/questions/106622/why-does-os-x-mavericks-block-the-purge-command-in-terminal,2026-09-24
25,apple,74247,"What are the ""sleepimage"" and ""swapfile"" documents?",https://apple.stackexchange.com/questions/43011/what-are-the-sleepimage-and-swapfile-documents,2026-09-24
25,apple,57367,Why is my MacBook Pro already using swap memory?,https://apple.stackexchange.com/questions/190892/why-is-my-macbook-pro-already-using-swap-memory,2026-09-24
25,apple,49690,How can I merge primary APFS partition with other empty APFS partition?,https://apple.stackexchange.com/questions/301884/how-can-i-merge-primary-apfs-partition-with-other-empty-apfs-partition,2026-09-24
25,apple,48055,Can I create a Desktop Shortcut/Alias to a Folder from the Terminal?,https://apple.stackexchange.com/questions/51709/can-i-create-a-desktop-shortcut-alias-to-a-folder-from-the-terminal,2026-09-24
25,apple,40398,Xcode free space requirement,https://apple.stackexchange.com/questions/252753/xcode-free-space-requirement,2026-09-24
25,apple,37029,"How to always show ""Library"" in the Finder its ""Go""-Menu without holding a modifier key?",https://apple.stackexchange.com/questions/58673/how-to-always-show-library-in-the-finder-its-go-menu-without-holding-a-modif,2026-09-24
25,apple,30469,Encrypt external USB thumb drive on MacOS High Sierra,https://apple.stackexchange.com/questions/300829/encrypt-external-usb-thumb-drive-on-macos-high-sierra,2026-09-24
25,apple,29795,"How do I stop 'mdwrite wants to use the ""metadata"" keychain' prompts?",https://apple.stackexchange.com/questions/310450/how-do-i-stop-mdwrite-wants-to-use-the-metadata-keychain-prompts,2026-09-24
25,apple,24472,What point is there in using an everyday non-admin account on OS X?,https://apple.stackexchange.com/questions/243991/what-point-is-there-in-using-an-everyday-non-admin-account-on-os-x,2026-09-24
25,apple,23301,How to highlight errors and warnings on iTerm terminal output?,https://apple.stackexchange.com/questions/63000/how-to-highlight-errors-and-warnings-on-iterm-terminal-output,2026-09-24
25,apple,16346,Remove folders in ~/Library/Mobile Documents,https://apple.stackexchange.com/questions/260224/remove-folders-in-library-mobile-documents,2026-09-24
25,apple,8528,Capturing screenshots on macOS Sierra is very slow,https://apple.stackexchange.com/questions/264463/capturing-screenshots-on-macos-sierra-is-very-slow,2026-09-24
25,apple,4871,Can I replace existing duplicate files on macOS APFS filesystems with clones?,https://apple.stackexchange.com/questions/316435/can-i-replace-existing-duplicate-files-on-macos-apfs-filesystems-with-clones,2026-09-24
24,stackoverflow,87992,anaconda conda: error: argument command: invalid choice when trying to update packages,https://stackoverflow.com/questions/53995171/anaconda-conda-error-argument-command-invalid-choice-when-trying-to-update-pa,2026-09-24
24,stackoverflow,19939,How to cache static files in ASP.NET Core?,https://stackoverflow.com/questions/57254048/how-to-cache-static-files-in-asp-net-core,2026-09-24
24,stackoverflow,12086,Unknown attribute android,https://stackoverflow.com/questions/52854173/unknown-attribute-android,2026-09-24
24,stackoverflow,9253,How to debug a third party flutter plugin,https://stackoverflow.com/questions/59887784/how-to-debug-a-third-party-flutter-plugin,2026-09-24
24,apple,123321,Open links in their respective apps?,https://apple.stackexchange.com/questions/236914/open-links-in-their-respective-apps,2026-09-24
24,apple,113591,Repair disk from single user mode (fsck fails),https://apple.stackexchange.com/questions/56461/repair-disk-from-single-user-mode-fsck-fails,2026-09-24
24,apple,103274,How can I transfer large files from Linux to iPad over a cable or wifi?,https://apple.stackexchange.com/questions/6221/how-can-i-transfer-large-files-from-linux-to-ipad-over-a-cable-or-wifi,2026-09-24
24,apple,48187,Is it safe to delete the content of ~/Library/Logs?,https://apple.stackexchange.com/questions/272929/is-it-safe-to-delete-the-content-of-library-logs,2026-09-24
24,apple,47919,Is it safe to remove ~/Library/Mail folders,https://apple.stackexchange.com/questions/24625/is-it-safe-to-remove-library-mail-folders,2026-09-24
24,apple,45883,How to get Mac to give Ethernet connection priority?,https://apple.stackexchange.com/questions/245353/how-to-get-mac-to-give-ethernet-connection-priority,2026-09-24
24,apple,40944,With File Vault ON are time machine backups encrypted?,https://apple.stackexchange.com/questions/46833/with-file-vault-on-are-time-machine-backups-encrypted,2026-09-24
24,apple,21497,Dropbox-like client for Macs to access existing FTP/WebDAV/CMIS storage,https://apple.stackexchange.com/questions/49628/dropbox-like-client-for-macs-to-access-existing-ftp-webdav-cmis-storage,2026-09-24
24,apple,19558,How is the System Keychain secured in OS X?,https://apple.stackexchange.com/questions/53579/how-is-the-system-keychain-secured-in-os-x,2026-09-24
24,apple,17513,"Activity Monitor in Mavericks ""Show Memory Usage"" dock icon gone?",https://apple.stackexchange.com/questions/106741/activity-monitor-in-mavericks-show-memory-usage-dock-icon-gone,2026-09-24
24,apple,16660,How to make nsurlsessiond actions less anonymous to the user?,https://apple.stackexchange.com/questions/180465/how-to-make-nsurlsessiond-actions-less-anonymous-to-the-user,2026-09-24
24,apple,4969,Errors from whatis command. Unable to rebuild database with makewhatis?,https://apple.stackexchange.com/questions/374025/errors-from-whatis-command-unable-to-rebuild-database-with-makewhatis,2026-09-24
23,stackoverflow,38967,What are the libraries linking options in Xcode?,https://stackoverflow.com/questions/34834717/what-are-the-libraries-linking-options-in-xcode,2026-09-24
23,stackoverflow,26170,"""pod update"" doesn't update to latest version",https://stackoverflow.com/questions/33893621/pod-update-doesnt-update-to-latest-version,2026-09-24
23,stackoverflow,23900,xcode simulator not coming up - reinstall possible?,https://stackoverflow.com/questions/27338042/xcode-simulator-not-coming-up-reinstall-possible,2026-09-24
23,stackoverflow,18541,Store Docker image files on external drive in macOS,https://stackoverflow.com/questions/38205735/store-docker-image-files-on-external-drive-in-macos,2026-09-24
23,stackoverflow,3794,Why does conda create try to install weird packages?,https://stackoverflow.com/questions/46547558/why-does-conda-create-try-to-install-weird-packages,2026-09-24
23,stackoverflow,891,Choose or generate canonical variant from multiple sentences,https://stackoverflow.com/questions/10856896/choose-or-generate-canonical-variant-from-multiple-sentences,2026-09-24
23,apple,357846,Macbook Pro not detecting bootable USB with Yosemite,https://apple.stackexchange.com/questions/162705/macbook-pro-not-detecting-bootable-usb-with-yosemite,2026-09-24
23,apple,91279,Bootcamp: The startup disk does not have enough space to be partitioned,https://apple.stackexchange.com/questions/326377/bootcamp-the-startup-disk-does-not-have-enough-space-to-be-partitioned,2026-09-24
23,apple,68689,How to find all files that are larger than 1GB on the Mac HD?,https://apple.stackexchange.com/questions/52993/how-to-find-all-files-that-are-larger-than-1gb-on-the-mac-hd,2026-09-24
23,apple,61267,Completely remove Google Backup and Sync from my Mac,https://apple.stackexchange.com/questions/329224/completely-remove-google-backup-and-sync-from-my-mac,2026-09-24
23,apple,58687,Unresponsive Keyboard and Trackpad after sleep,https://apple.stackexchange.com/questions/159689/unresponsive-keyboard-and-trackpad-after-sleep,2026-09-24
23,apple,52135,How to clean up Docker for Mac containers,https://apple.stackexchange.com/questions/248814/how-to-clean-up-docker-for-mac-containers,2026-09-24
23,apple,41654,Is it safe to erase ~Library/Developer?,https://apple.stackexchange.com/questions/104810/is-it-safe-to-erase-library-developer,2026-09-24
23,apple,34777,"How can I triple boot MacOS Catalina , Ubuntu 18.04, and Windows 10",https://apple.stackexchange.com/questions/375371/how-can-i-triple-boot-macos-catalina-ubuntu-18-04-and-windows-10,2026-09-24
23,apple,34413,What does ~/Library/Application\ Support/Knowledge/ folder do?,https://apple.stackexchange.com/questions/313742/what-does-library-application-support-knowledge-folder-do,2026-09-24
23,apple,31993,How to deal with unzip error on a large file in OSX?,https://apple.stackexchange.com/questions/208139/how-to-deal-with-unzip-error-on-a-large-file-in-osx,2026-09-24
23,apple,29870,What causes PDF file size to increase when saving in Preview?,https://apple.stackexchange.com/questions/76474/what-causes-pdf-file-size-to-increase-when-saving-in-preview,2026-09-24
23,apple,12793,How to take 9:41 am screenshots on an iOS Simulator and Device?,https://apple.stackexchange.com/questions/154511/how-to-take-941-am-screenshots-on-an-ios-simulator-and-device,2026-09-24
23,apple,12391,Easily pretty print XML,https://apple.stackexchange.com/questions/96234/easily-pretty-print-xml,2026-09-24
23,apple,9408,What is causing High Sierra to forget where my home directory is?,https://apple.stackexchange.com/questions/305627/what-is-causing-high-sierra-to-forget-where-my-home-directory-is,2026-09-24
22,stackoverflow,52611,IntelliJ won't recognize some imports from gradle project,https://stackoverflow.com/questions/53308453/intellij-wont-recognize-some-imports-from-gradle-project,2026-09-24
22,stackoverflow,37758,Docker volume: rename or copy operation,https://stackoverflow.com/questions/73053406/docker-volume-rename-or-copy-operation,2026-09-24
22,stackoverflow,23793,"Dagger2 does not generate ""Dagger_"" files",https://stackoverflow.com/questions/29512080/dagger2-does-not-generate-dagger-files,2026-09-24
22,stackoverflow,6125,Android Studio Render problem: font does not exist (or is not a file),https://stackoverflow.com/questions/73864270/android-studio-render-problem-font-does-not-exist-or-is-not-a-file,2026-09-24
22,apple,423982,What is the 'Mac OS X Base System' disk image on my 2011 MacBook AIr?,https://apple.stackexchange.com/questions/22941/what-is-the-mac-os-x-base-system-disk-image-on-my-2011-macbook-air,2026-09-24
22,apple,65846,How can I remove my old iPhoto library after migrating to Photos?,https://apple.stackexchange.com/questions/182792/how-can-i-remove-my-old-iphoto-library-after-migrating-to-photos,2026-09-24
22,apple,36024,Is RAM upgrade worth it if I have an SSD already?,https://apple.stackexchange.com/questions/45756/is-ram-upgrade-worth-it-if-i-have-an-ssd-already,2026-09-24
22,apple,20259,What is the maximum/optimized size of the OSX photos.app library?,https://apple.stackexchange.com/questions/184560/what-is-the-maximum-optimized-size-of-the-osx-photos-app-library,2026-09-24
22,apple,19480,"One mac, Two or more storage devices - how to divide things?",https://apple.stackexchange.com/questions/22590/one-mac-two-or-more-storage-devices-how-to-divide-things,2026-09-24
22,apple,16635,Does macOS delete files in /tmp periodically?,https://apple.stackexchange.com/questions/438930/does-macos-delete-files-in-tmp-periodically,2026-09-24
22,apple,16551,Prevent iCloud Drive from removing specific folders,https://apple.stackexchange.com/questions/284325/prevent-icloud-drive-from-removing-specific-folders,2026-09-24
22,apple,14341,Limit Time Machine size in Big Sur,https://apple.stackexchange.com/questions/410473/limit-time-machine-size-in-big-sur,2026-09-24
22,apple,10198,"Data Not Backed Up, Partition Type: FFFFFFFF-FFFF-FFFF-FFFF-FFFFFFFFFFFF",https://apple.stackexchange.com/questions/282550/data-not-backed-up-partition-type-ffffffff-ffff-ffff-ffff-ffffffffffff,2026-09-24
22,apple,5438,"On iPhone, how can I reduce a photo to 2 MiB for Stack Exchange upload?",https://apple.stackexchange.com/questions/471115/on-iphone-how-can-i-reduce-a-photo-to-2-mib-for-stack-exchange-upload,2026-09-24
22,apple,2161,APFS folder encryption?,https://apple.stackexchange.com/questions/299423/apfs-folder-encryption,2026-09-24
21,stackoverflow,31405,Error installing any ruby version with RVM on OSX,https://stackoverflow.com/questions/16632543/error-installing-any-ruby-version-with-rvm-on-osx,2026-09-24
21,stackoverflow,28245,"""no space left on device"" even after removing all containers",https://stackoverflow.com/questions/45812401/no-space-left-on-device-even-after-removing-all-containers,2026-09-24
21,stackoverflow,6104,New Relic Class Not Found ... I don't even use new relic,https://stackoverflow.com/questions/24226772/new-relic-class-not-found-i-dont-even-use-new-relic,2026-09-24
21,apple,113355,"After deleting an app, can you (much) later reinstall it and restore its data from iCloud?",https://apple.stackexchange.com/questions/27721/after-deleting-an-app-can-you-much-later-reinstall-it-and-restore-its-data-fr,2026-09-24
21,apple,101953,Where are Time Machine local backups/snapshots stored?,https://apple.stackexchange.com/questions/115868/where-are-time-machine-local-backups-snapshots-stored,2026-09-24
21,apple,73073,How do I remove the previous App Store user from my computer?,https://apple.stackexchange.com/questions/70405/how-do-i-remove-the-previous-app-store-user-from-my-computer,2026-09-24
21,apple,57521,safari IOS menu bar conflicts with buttons in lower 10% of the screen,https://apple.stackexchange.com/questions/130822/safari-ios-menu-bar-conflicts-with-buttons-in-lower-10-of-the-screen,2026-09-24
21,apple,45605,"What is the gray circle Finder shows next to a file, that is not a tag?",https://apple.stackexchange.com/questions/283165/what-is-the-gray-circle-finder-shows-next-to-a-file-that-is-not-a-tag,2026-09-24
21,apple,32948,Disable the disk check when reconnecting an improperly disconnected disk to OS X,https://apple.stackexchange.com/questions/230698/disable-the-disk-check-when-reconnecting-an-improperly-disconnected-disk-to-os-x,2026-09-24
21,apple,25572,How to prevent auto mounting of a volume in macOS High Sierra?,https://apple.stackexchange.com/questions/310574/how-to-prevent-auto-mounting-of-a-volume-in-macos-high-sierra,2026-09-24
21,apple,18918,Tell macOS to only use swap and compressed memory when really needed (macOS 10.14 Mojave),https://apple.stackexchange.com/questions/340333/tell-macos-to-only-use-swap-and-compressed-memory-when-really-needed-macos-10-1,2026-09-24
21,apple,12362,How does a Mac choose between Wi-Fi and Ethernet to work with?,https://apple.stackexchange.com/questions/370017/how-does-a-mac-choose-between-wi-fi-and-ethernet-to-work-with,2026-09-24
20,superuser,37649,"what's IPv6 analogue for IPv4 `arp -an` and ""arp who-has""?",https://superuser.com/questions/621593/whats-ipv6-analogue-for-ipv4-arp-an-and-arp-who-has,2026-09-24
20,stackoverflow,43299,psycopg2 - ImportError: DLL load failed while importing _psycopg: The operating system cannot run %1,https://stackoverflow.com/questions/64314141/psycopg2-importerror-dll-load-failed-while-importing-psycopg-the-operating,2026-09-24
20,stackoverflow,13940,Homebrew multi user setup,https://stackoverflow.com/questions/28556776/homebrew-multi-user-setup,2026-09-24
20,stackoverflow,9041,Android test out of storage space,https://stackoverflow.com/questions/33241465/android-test-out-of-storage-space,2026-09-24
20,stackoverflow,4119,`Invoke-Conda` cannot catch any arguments after powershell 7.5.0 update,https://stackoverflow.com/questions/79388784/invoke-conda-cannot-catch-any-arguments-after-powershell-7-5-0-update,2026-09-24
20,apple,333670,Full Wi-fi/ethernet signal but no internet,https://apple.stackexchange.com/questions/177873/full-wi-fi-ethernet-signal-but-no-internet,2026-09-24
20,apple,119843,Sharing iCloud storage between family members,https://apple.stackexchange.com/questions/159774/sharing-icloud-storage-between-family-members,2026-09-24
20,apple,100964,Photos stopped uploading to iCloud. What can I do?,https://apple.stackexchange.com/questions/181979/photos-stopped-uploading-to-icloud-what-can-i-do,2026-09-24
20,apple,89449,FileVault Stuck on Pause,https://apple.stackexchange.com/questions/160161/filevault-stuck-on-pause,2026-09-24
20,apple,87485,How do I mount Ext4 using OS X Fuse,https://apple.stackexchange.com/questions/140536/how-do-i-mount-ext4-using-os-x-fuse,2026-09-24
20,apple,76154,Monterey VM reboot loop and kernel panic in VirtualBox 6.1.32 (on Apple host hardware),https://apple.stackexchange.com/questions/435574/monterey-vm-reboot-loop-and-kernel-panic-in-virtualbox-6-1-32-on-apple-host-har,2026-09-24
20,apple,70717,Backup iPhone to external drive on Mac,https://apple.stackexchange.com/questions/127562/backup-iphone-to-external-drive-on-mac,2026-09-24
20,apple,46181,Default settings for pmset -g?,https://apple.stackexchange.com/questions/85603/default-settings-for-pmset-g,2026-09-24
20,apple,23090,Best File System for Sharing Between OS X and Windows,https://apple.stackexchange.com/questions/23060/best-file-system-for-sharing-between-os-x-and-windows,2026-09-24
20,apple,22047,Can't resize APFS Container: Not enough free space in Container due to APFS limits or tidemarks,https://apple.stackexchange.com/questions/321533/cant-resize-apfs-container-not-enough-free-space-in-container-due-to-apfs-limi,2026-09-24
20,apple,14347,Mac mini can't connect to my corporate SMB server. Was working some days ago,https://apple.stackexchange.com/questions/257836/mac-mini-cant-connect-to-my-corporate-smb-server-was-working-some-days-ago,2026-09-24
20,apple,14169,Why is the “mediaanalysisd” taking a lot of CPU on macOS?,https://apple.stackexchange.com/questions/477679/why-is-the-mediaanalysisd-taking-a-lot-of-cpu-on-macos,2026-09-24
20,apple,8845,How can I sync my iTunes music library between two Macs for free?,https://apple.stackexchange.com/questions/1045/how-can-i-sync-my-itunes-music-library-between-two-macs-for-free,2026-09-24
19,superuser,163917,"I'm unable to mount a DMG, getting a ""no mountable filesystems"" error",https://superuser.com/questions/19426/im-unable-to-mount-a-dmg-getting-a-no-mountable-filesystems-error,2026-09-24
19,apple,118038,Photos taking up storage on iPhone when I have no photos,https://apple.stackexchange.com/questions/263732/photos-taking-up-storage-on-iphone-when-i-have-no-photos,2026-09-24
19,apple,44368,Why the storage of Documents showing wrong in mac?,https://apple.stackexchange.com/questions/341938/why-the-storage-of-documents-showing-wrong-in-mac,2026-09-24
19,apple,38561,diskutil: get total and available space on macOS using APFS,https://apple.stackexchange.com/questions/325679/diskutil-get-total-and-available-space-on-macos-using-apfs,2026-09-24
19,apple,37353,How do I truly flush Safari's cache?,https://apple.stackexchange.com/questions/46735/how-do-i-truly-flush-safaris-cache,2026-09-24
19,apple,36835,Cannot delete Desktop and Documents folder from iCloud Drive after accidentally enabling their storage on iCloud,https://apple.stackexchange.com/questions/299998/cannot-delete-desktop-and-documents-folder-from-icloud-drive-after-accidentally,2026-09-24
19,apple,36377,Fully removing uninstalled Command Line Tools for Xcode from App Store Updates / Software Updates,https://apple.stackexchange.com/questions/328034/fully-removing-uninstalled-command-line-tools-for-xcode-from-app-store-updates,2026-09-24
19,apple,34849,Is there a way in Numbers to flip columns with rows?,https://apple.stackexchange.com/questions/15491/is-there-a-way-in-numbers-to-flip-columns-with-rows,2026-09-24
19,apple,26908,Downsides of encrypting disk with FileVault,https://apple.stackexchange.com/questions/275534/downsides-of-encrypting-disk-with-filevault,2026-09-24
19,apple,20378,Sleep prevented by powerd,https://apple.stackexchange.com/questions/422935/sleep-prevented-by-powerd,2026-09-24
19,apple,19217,How to Eject All External Partitions Quickly?,https://apple.stackexchange.com/questions/143421/how-to-eject-all-external-partitions-quickly,2026-09-24
19,apple,18285,When will Finder use large amount of memory?,https://apple.stackexchange.com/questions/53075/when-will-finder-use-large-amount-of-memory,2026-09-24
19,apple,16356,Change APFS Volume to case sensitive,https://apple.stackexchange.com/questions/307165/change-apfs-volume-to-case-sensitive,2026-09-24
19,apple,14671,Does it make sense to format an external HDD as APFS?,https://apple.stackexchange.com/questions/293275/does-it-make-sense-to-format-an-external-hdd-as-apfs,2026-09-24
19,apple,9475,How to prevent storing the WiFi password on the recovery partition?,https://apple.stackexchange.com/questions/195775/how-to-prevent-storing-the-wifi-password-on-the-recovery-partition,2026-09-24
19,apple,8751,Disabling / Uninstalling iTunes on macOS Mojave,https://apple.stackexchange.com/questions/344059/disabling-uninstalling-itunes-on-macos-mojave,2026-09-24
18,superuser,7278,Chrome Slow to Resolve /etc/hosts on macOS / OS X,https://superuser.com/questions/1189379/chrome-slow-to-resolve-etc-hosts-on-macos-os-x,2026-09-24
18,stackoverflow,50707,ERROR: Could not find a valid gem 'cocoapods' (>= 0) in any repository,https://stackoverflow.com/questions/34784844/error-could-not-find-a-valid-gem-cocoapods-0-in-any-repository,2026-09-24
18,stackoverflow,3437,import numpy failed after upgrading MacOS to 15.4,https://stackoverflow.com/questions/79550279/import-numpy-failed-after-upgrading-macos-to-15-4,2026-09-24
18,apple,358339,Holding down the option key isn't allowing me to select Windows/OS X on startup,https://apple.stackexchange.com/questions/99289/holding-down-the-option-key-isnt-allowing-me-to-select-windows-os-x-on-startup,2026-09-24
18,apple,164076,MacBook Air boots to strange screen showing Magic Mouse and TrackPad,https://apple.stackexchange.com/questions/192448/macbook-air-boots-to-strange-screen-showing-magic-mouse-and-trackpad,2026-09-24
18,apple,139448,Safari on iOS 9.2.1 / 9.3 won't open links,https://apple.stackexchange.com/questions/231581/safari-on-ios-9-2-1-9-3-wont-open-links,2026-09-24
18,apple,78310,Backup files from Terminal in Recovery Mode,https://apple.stackexchange.com/questions/236206/backup-files-from-terminal-in-recovery-mode,2026-09-24
18,apple,52844,Option and command key are switched for a keyboard on my mac?,https://apple.stackexchange.com/questions/437984/option-and-command-key-are-switched-for-a-keyboard-on-my-mac,2026-09-24
18,apple,51170,Is it safe to delete the /Developer folder on Mac OS X 10.7.5 (Lion)?,https://apple.stackexchange.com/questions/83866/is-it-safe-to-delete-the-developer-folder-on-mac-os-x-10-7-5-lion,2026-09-24
18,apple,32617,Macbook Air - battery drains while sleeping (but not when shut down),https://apple.stackexchange.com/questions/156871/macbook-air-battery-drains-while-sleeping-but-not-when-shut-down,2026-09-24
18,apple,31673,"how to make each display a separate space, yet have a keyboard shortcut to move both screens at the same time?",https://apple.stackexchange.com/questions/116557/how-to-make-each-display-a-separate-space-yet-have-a-keyboard-shortcut-to-move,2026-09-24
18,apple,31502,"Where does Apple's predictive keyboard get its ""contextual"" content from?",https://apple.stackexchange.com/questions/145237/where-does-apples-predictive-keyboard-get-its-contextual-content-from,2026-09-24
18,apple,15087,How secure are iCloud backups?,https://apple.stackexchange.com/questions/45858/how-secure-are-icloud-backups,2026-09-24
18,apple,5164,Accessing ~/Library in Open/Save dialogs,https://apple.stackexchange.com/questions/47059/accessing-library-in-open-save-dialogs,2026-09-24
17,superuser,23839,How to force ls terminal command to show results in Bytes while I have set the default to ls -h in bash profile?,https://superuser.com/questions/1110491/how-to-force-ls-terminal-command-to-show-results-in-bytes-while-i-have-set-the-d,2026-09-24
17,superuser,18581,Can you shrink the sparse disk image of a Mac OS X guest OS in VMWare Fusion?,https://superuser.com/questions/325233/can-you-shrink-the-sparse-disk-image-of-a-mac-os-x-guest-os-in-vmware-fusion,2026-09-24
17,superuser,8154,"Why is there a write speed difference between dd, cp, rsync and macOS Finder to a SMB3 drive?",https://superuser.com/questions/1170636/why-is-there-a-write-speed-difference-between-dd-cp-rsync-and-macos-finder-to,2026-09-24
17,stackoverflow,33743,Remove local Docker images on macOS,https://stackoverflow.com/questions/44015872/remove-local-docker-images-on-macos,2026-09-24
17,stackoverflow,16564,How much can a PWA store?,https://stackoverflow.com/questions/58591353/how-much-can-a-pwa-store,2026-09-24
17,apple,168527,"iCloud storage full: ""Not Enough Storage"". Backups exceed 5GB",https://apple.stackexchange.com/questions/193991/icloud-storage-full-not-enough-storage-backups-exceed-5gb,2026-09-24
17,apple,117506,Apple USB Ethernet Adapter has a self-assigned IP address and will not be able to connect to the Internet,https://apple.stackexchange.com/questions/317888/apple-usb-ethernet-adapter-has-a-self-assigned-ip-address-and-will-not-be-able-t,2026-09-24
17,apple,101008,How can I stop iCloud downloading files to my Mac,https://apple.stackexchange.com/questions/346581/how-can-i-stop-icloud-downloading-files-to-my-mac,2026-09-24
17,apple,65848,Photos (OS X Yosemite / El Capitan) – show original in Finder?,https://apple.stackexchange.com/questions/178682/photos-os-x-yosemite-el-capitan-show-original-in-finder,2026-09-24
17,apple,46464,"Trying to securely erase hard drive, but Security Options not available (Mavericks)",https://apple.stackexchange.com/questions/110687/trying-to-securely-erase-hard-drive-but-security-options-not-available-maveric,2026-09-24
17,apple,32164,Installing git on OSX 10.8 without Xcode,https://apple.stackexchange.com/questions/197945/installing-git-on-osx-10-8-without-xcode,2026-09-24
17,apple,16953,"Is it safe to remove the ""Install Xcode"" application after installation?",https://apple.stackexchange.com/questions/10102/is-it-safe-to-remove-the-install-xcode-application-after-installation,2026-09-24
17,apple,8169,Mountain Lion sleeps too aggressively,https://apple.stackexchange.com/questions/57951/mountain-lion-sleeps-too-aggressively,2026-09-24
16,superuser,11643,Is it possible to disable write caching on a USB mass storage device on Mac OS X?,https://superuser.com/questions/113019/is-it-possible-to-disable-write-caching-on-a-usb-mass-storage-device-on-mac-os-x,2026-09-24
16,stackoverflow,31853,ImportError: libGL.so.1 on CentOS,https://stackoverflow.com/questions/60628083/importerror-libgl-so-1-on-centos,2026-09-24
16,stackoverflow,31750,How to write a file to a folder located at Apple's Files App in Swift,https://stackoverflow.com/questions/46456481/how-to-write-a-file-to-a-folder-located-at-apples-files-app-in-swift,2026-09-24
16,stackoverflow,27830,How to conda install CUDA enabled PyTorch in a Docker container?,https://stackoverflow.com/questions/65492490/how-to-conda-install-cuda-enabled-pytorch-in-a-docker-container,2026-09-24
16,stackoverflow,16405,pip install AttributeError: _DistInfoDistribution__dep_map,https://stackoverflow.com/questions/52582563/pip-install-attributeerror-distinfodistribution-dep-map,2026-09-24
16,stackoverflow,8695,Homebrew size of Cellar,https://stackoverflow.com/questions/27508590/homebrew-size-of-cellar,2026-09-24
16,stackoverflow,5502,How to clean chrome in-memory cache?,https://stackoverflow.com/questions/17135131/how-to-clean-chrome-in-memory-cache,2026-09-24
16,stackoverflow,4090,"Forcing or ""encouraging"" iCloud to upload changes to a file",https://stackoverflow.com/questions/19955914/forcing-or-encouraging-icloud-to-upload-changes-to-a-file,2026-09-24
16,apple,240900,"Old version (macOS Sierra) for Pages, Keynote and Numbers, iWork",https://apple.stackexchange.com/questions/376919/old-version-macos-sierra-for-pages-keynote-and-numbers-iwork,2026-09-24
16,apple,157698,Are photos still backed up in iCloud backup even if iCloud Photo Library is off?,https://apple.stackexchange.com/questions/280464/are-photos-still-backed-up-in-icloud-backup-even-if-icloud-photo-library-is-off,2026-09-24
16,apple,54657,Reinstalling XCode,https://apple.stackexchange.com/questions/21802/reinstalling-xcode,2026-09-24
16,apple,43578,How to create a USB installer for multiple OS on an OS X system?,https://apple.stackexchange.com/questions/130221/how-to-create-a-usb-installer-for-multiple-os-on-an-os-x-system,2026-09-24
16,apple,22821,Problem with empty spaces when executing shell commands in AppleScript,https://apple.stackexchange.com/questions/82967/problem-with-empty-spaces-when-executing-shell-commands-in-applescript,2026-09-24
16,apple,22327,"Deleting an app’s data from the iOS Keychain, or resetting the Keychain entirely",https://apple.stackexchange.com/questions/332574/deleting-an-app-s-data-from-the-ios-keychain-or-resetting-the-keychain-entirely,2026-09-24
16,apple,21959,IMac freezing intermittently--every few minutes. How can I fix this?,https://apple.stackexchange.com/questions/17160/imac-freezing-intermittently-every-few-minutes-how-can-i-fix-this,2026-09-24
16,apple,16341,Uninstalling macOS App Extensions from System Preferences,https://apple.stackexchange.com/questions/152541/uninstalling-macos-app-extensions-from-system-preferences,2026-09-24
16,apple,16040,OS volume shows as type 'FFFFFFFF-FFFF-FFFF-FFFF-FFFFFFFFFFFF',https://apple.stackexchange.com/questions/305706/os-volume-shows-as-type-ffffffff-ffff-ffff-ffff-ffffffffffff,2026-09-24
16,apple,15197,Spotlight re-indexing takes too long or doesn't work,https://apple.stackexchange.com/questions/337706/spotlight-re-indexing-takes-too-long-or-doesnt-work,2026-09-24
16,apple,13329,"200GB unused, but can't change APFS container size due to minimum requirement",https://apple.stackexchange.com/questions/345256/200gb-unused-but-cant-change-apfs-container-size-due-to-minimum-requirement,2026-09-24
16,apple,9451,Cannot Upgrade Xcode 11 to Xcode 11.1,https://apple.stackexchange.com/questions/372433/cannot-upgrade-xcode-11-to-xcode-11-1,2026-09-24
16,apple,9215,WhatsApp using huge space on my Mac SSD,https://apple.stackexchange.com/questions/281266/whatsapp-using-huge-space-on-my-mac-ssd,2026-09-24
16,apple,8716,Memory terminology in Mavericks Activity Monitory,https://apple.stackexchange.com/questions/107578/memory-terminology-in-mavericks-activity-monitory,2026-09-24
15,superuser,167346,How much storage should be taken up by 'System' in MacOS Sierra,https://superuser.com/questions/1136012/how-much-storage-should-be-taken-up-by-system-in-macos-sierra,2026-09-24
15,superuser,24544,How to write protect a USB key?,https://superuser.com/questions/269600/how-to-write-protect-a-usb-key,2026-09-24
15,superuser,6294,Why is docker reporting 100% disk usage on a fresh ubuntu image?,https://superuser.com/questions/828699/why-is-docker-reporting-100-disk-usage-on-a-fresh-ubuntu-image,2026-09-24
15,stackoverflow,34519,Set chrome.prefs with python binding for selenium in chromedriver,https://stackoverflow.com/questions/15165593/set-chrome-prefs-with-python-binding-for-selenium-in-chromedriver,2026-09-24
15,stackoverflow,9935,Flutter run - Failed to build iOS app - Command PhaseScriptExecution failed with a nonzero exit code,https://stackoverflow.com/questions/62481800/flutter-run-failed-to-build-ios-app-command-phasescriptexecution-failed-with,2026-09-24
15,stackoverflow,6952,Generating and installing SSL certificates,https://stackoverflow.com/questions/37641013/generating-and-installing-ssl-certificates,2026-09-24
15,stackoverflow,5767,"FBSDKCorekit.h, FBSDKCopying.h file note found using Cocoapods",https://stackoverflow.com/questions/34764943/fbsdkcorekit-h-fbsdkcopying-h-file-note-found-using-cocoapods,2026-09-24
15,stackoverflow,1856,What does Blink in-memory cache store?,https://stackoverflow.com/questions/52950068/what-does-blink-in-memory-cache-store,2026-09-24
15,apple,273755,"Reduce the storage space taken up by ""System"" on my iPhone 6s without restoring and setting up iPhone as new",https://apple.stackexchange.com/questions/308923/reduce-the-storage-space-taken-up-by-system-on-my-iphone-6s-without-restoring,2026-09-24
15,apple,188348,Accessing WhatsApp iCloud backup?,https://apple.stackexchange.com/questions/365950/accessing-whatsapp-icloud-backup,2026-09-24
15,apple,138683,MacBook startup problems - mouse and keyboard not working at login / stuck on apple logo,https://apple.stackexchange.com/questions/262964/macbook-startup-problems-mouse-and-keyboard-not-working-at-login-stuck-on-ap,2026-09-24
15,apple,98728,What is filling up my hard drive so fast?,https://apple.stackexchange.com/questions/122806/what-is-filling-up-my-hard-drive-so-fast,2026-09-24
15,apple,80702,Is it possible to use Time Machine with iCloud?,https://apple.stackexchange.com/questions/182223/is-it-possible-to-use-time-machine-with-icloud,2026-09-24
15,apple,41202,iPhone available space: significant difference between iTunes and iPhone,https://apple.stackexchange.com/questions/162825/iphone-available-space-significant-difference-between-itunes-and-iphone,2026-09-24
15,apple,34787,"MacOS 10.15 Catalina asks ""AMPDevicesAgent wants to use your confidential information stored in iOS backup in your keychain""",https://apple.stackexchange.com/questions/376387/macos-10-15-catalina-asks-ampdevicesagent-wants-to-use-your-confidential-inform,2026-09-24
15,apple,25934,How can I stop OS X from automatically connecting to an NFS server on startup?,https://apple.stackexchange.com/questions/17937/how-can-i-stop-os-x-from-automatically-connecting-to-an-nfs-server-on-startup,2026-09-24
15,apple,25900,How do I resize the iOS simulator?,https://apple.stackexchange.com/questions/62757/how-do-i-resize-the-ios-simulator,2026-09-24
15,apple,20576,Mac OS X is not creating a swap file,https://apple.stackexchange.com/questions/318266/mac-os-x-is-not-creating-a-swap-file,2026-09-24
15,apple,20229,Downloading all photos from iCloud Photo Library without Photos app,https://apple.stackexchange.com/questions/283630/downloading-all-photos-from-icloud-photo-library-without-photos-app,2026-09-24
15,apple,12207,How does Rosetta 2 work?,https://apple.stackexchange.com/questions/407731/how-does-rosetta-2-work,2026-09-24
15,apple,10587,APFS Encrypted vs APFS + FileVault?,https://apple.stackexchange.com/questions/347798/apfs-encrypted-vs-apfs-filevault,2026-09-24
15,apple,7605,XCode 5 - Remove offline documentation?,https://apple.stackexchange.com/questions/144340/xcode-5-remove-offline-documentation,2026-09-24
15,apple,2935,2016 Touch Bar MBP drains battery in sleep,https://apple.stackexchange.com/questions/293641/2016-touch-bar-mbp-drains-battery-in-sleep,2026-09-24
15,apple,2706,"Is there any point ""clean-installing"" on a brand-new MacBook?",https://apple.stackexchange.com/questions/474671/is-there-any-point-clean-installing-on-a-brand-new-macbook,2026-09-24
14,superuser,42122,How to empty file cache on Mac 10.9.3,https://superuser.com/questions/771798/how-to-empty-file-cache-on-mac-10-9-3,2026-09-24
14,superuser,1921,What to put on a MacOS X SSD?,https://superuser.com/questions/299554/what-to-put-on-a-macos-x-ssd,2026-09-24
14,stackoverflow,35824,pyinstaller ModuleNotFoundError: No module named 'paddle',https://stackoverflow.com/questions/68829130/pyinstaller-modulenotfounderror-no-module-named-paddle,2026-09-24
14,stackoverflow,13967,Stream video while downloading iOS,https://stackoverflow.com/questions/20912530/stream-video-while-downloading-ios,2026-09-24
14,stackoverflow,11899,Library not loaded: @rpath/hermes.framework/hermes,https://stackoverflow.com/questions/70875239/library-not-loaded-rpath-hermes-framework-hermes,2026-09-24
14,stackoverflow,11415,Getting error while upgrade the flutter version 2.0,https://stackoverflow.com/questions/65808129/getting-error-while-upgrade-the-flutter-version-2-0,2026-09-24
14,stackoverflow,9268,How to publish new official pod version?,https://stackoverflow.com/questions/41361399/how-to-publish-new-official-pod-version,2026-09-24
14,stackoverflow,2875,Pod from github not working,https://stackoverflow.com/questions/25283349/pod-from-github-not-working,2026-09-24
14,apple,93913,New iOS9 Spotlight search not finding contacts,https://apple.stackexchange.com/questions/206067/new-ios9-spotlight-search-not-finding-contacts,2026-09-24
14,apple,83610,"How to completely remove Fuse for Mac OS X, MacFUSE, NTFS-3G",https://apple.stackexchange.com/questions/177885/how-to-completely-remove-fuse-for-mac-os-x-macfuse-ntfs-3g,2026-09-24
14,apple,43015,Can you update to macOS 10.14 (Mojave) without converting to APFS?,https://apple.stackexchange.com/questions/327051/can-you-update-to-macos-10-14-mojave-without-converting-to-apfs,2026-09-24
14,apple,41270,Creating aliases for iTerm 2 that work during ssh,https://apple.stackexchange.com/questions/316545/creating-aliases-for-iterm-2-that-work-during-ssh,2026-09-24
14,apple,35531,How can I delete a certificate that got restored from a backup under iOS 10/11?,https://apple.stackexchange.com/questions/300203/how-can-i-delete-a-certificate-that-got-restored-from-a-backup-under-ios-10-11,2026-09-24
14,apple,11119,Where does Ulysses store its local content?,https://apple.stackexchange.com/questions/261093/where-does-ulysses-store-its-local-content,2026-09-24
14,apple,7988,"With the recent security issue with xz, what should we do before using Homebrew again?",https://apple.stackexchange.com/questions/471477/with-the-recent-security-issue-with-xz-what-should-we-do-before-using-homebrew,2026-09-24
14,apple,5437,"How to remove ""XXX is an application downloaded from the internet. are you sure you want to open it"" at start up?",https://apple.stackexchange.com/questions/284428/how-to-remove-xxx-is-an-application-downloaded-from-the-internet-are-you-sure,2026-09-24
14,apple,4545,How to fully 'uninstall' an app on OS X,https://apple.stackexchange.com/questions/41773/how-to-fully-uninstall-an-app-on-os-x,2026-09-24
14,apple,2824,Repeating /System/Volumes/Data/System/Volumes/Data,https://apple.stackexchange.com/questions/392450/repeating-system-volumes-data-system-volumes-data,2026-09-24
14,apple,2578,How does “Optimize Mac Storage” for iCloud Drive interact with Spotlight and Time Machine?,https://apple.stackexchange.com/questions/269864/how-does-optimize-mac-storage-for-icloud-drive-interact-with-spotlight-and-tim,2026-09-24
13,stackoverflow,78181,Mac - Can’t install Homebrew,https://stackoverflow.com/questions/18039029/mac-can-t-install-homebrew,2026-09-24
13,stackoverflow,32760,"React Native iOS XCode build error: ""[CP-User] [Hermes] Replace Hermes for the right configuration""",https://stackoverflow.com/questions/77926738/react-native-ios-xcode-build-error-cp-user-hermes-replace-hermes-for-the-r,2026-09-24
13,stackoverflow,22990,Can not install Cocoapods with RubyGem 2.7.1,https://stackoverflow.com/questions/47171570/can-not-install-cocoapods-with-rubygem-2-7-1,2026-09-24
13,stackoverflow,12156,React Native - Unable to execute JS call: __fbBatchedBridge is undefined,https://stackoverflow.com/questions/37877093/react-native-unable-to-execute-js-call-fbbatchedbridge-is-undefined,2026-09-24
13,stackoverflow,8824,"Flutter not able to run, get_navigation & theme error",https://stackoverflow.com/questions/64706160/flutter-not-able-to-run-get-navigation-theme-error,2026-09-24
13,stackoverflow,6736,Command line flag to disable all types of caches in Chrome,https://stackoverflow.com/questions/40314005/command-line-flag-to-disable-all-types-of-caches-in-chrome,2026-09-24
13,stackoverflow,5920,Handling full disk storage in Android,https://stackoverflow.com/questions/6231941/handling-full-disk-storage-in-android,2026-09-24
13,stackoverflow,3493,Conda command fails silently,https://stackoverflow.com/questions/47040270/conda-command-fails-silently,2026-09-24
13,stackoverflow,1741,"Flutter ios "" Could not build the application for the simulator.""",https://stackoverflow.com/questions/68337522/flutter-ios-could-not-build-the-application-for-the-simulator,2026-09-24
13,apple,157176,Is it possible to wipe an entire iCloud Photo Library?,https://apple.stackexchange.com/questions/177722/is-it-possible-to-wipe-an-entire-icloud-photo-library,2026-09-24
13,apple,71949,Mac Mail Limits (messages and mailbox size),https://apple.stackexchange.com/questions/131656/mac-mail-limits-messages-and-mailbox-size,2026-09-24
13,apple,34412,Transfer contacts from local phone storage to iCloud account,https://apple.stackexchange.com/questions/125064/transfer-contacts-from-local-phone-storage-to-icloud-account,2026-09-24
13,apple,34140,APFS Errors: fsck can't repair,https://apple.stackexchange.com/questions/302925/apfs-errors-fsck-cant-repair,2026-09-24
13,apple,18791,How can you delete Message attachments from iCloud?,https://apple.stackexchange.com/questions/448964/how-can-you-delete-message-attachments-from-icloud,2026-09-24
13,apple,17011,"Keep iCloud Drive directory for ""offline"" use on iPad?",https://apple.stackexchange.com/questions/363170/keep-icloud-drive-directory-for-offline-use-on-ipad,2026-09-24
13,apple,11393,Cannot resize APFS partition - “The new size must be different than the existing size”,https://apple.stackexchange.com/questions/375136/cannot-resize-apfs-partition-the-new-size-must-be-different-than-the-existing,2026-09-24
13,apple,4736,"Hide ""disk password"" login option at EFI (Filevault) login screen",https://apple.stackexchange.com/questions/147895/hide-disk-password-login-option-at-efi-filevault-login-screen,2026-09-24
13,apple,2754,vm_compressor=VM_PAGER_DEFAULT in Yosemite caused freeze when physical memory was full,https://apple.stackexchange.com/questions/175572/vm-compressor-vm-pager-default-in-yosemite-caused-freeze-when-physical-memory-wa,2026-09-24
12,superuser,50958,"arp requesting to another subnet, how?",https://superuser.com/questions/763371/arp-requesting-to-another-subnet-how,2026-09-24
12,superuser,4972,Is Steam for Mac effectively running as superuser?,https://superuser.com/questions/140785/is-steam-for-mac-effectively-running-as-superuser,2026-09-24
12,superuser,4112,What block allocation algorithm does NTFS use?,https://superuser.com/questions/274855/what-block-allocation-algorithm-does-ntfs-use,2026-09-24
12,stackoverflow,13512,Using Android Studio with minimum disk space,https://stackoverflow.com/questions/33671895/using-android-studio-with-minimum-disk-space,2026-09-24
12,stackoverflow,4966,Conda packaging and the C library as a dependency,https://stackoverflow.com/questions/59414637/conda-packaging-and-the-c-library-as-a-dependency,2026-09-24
12,stackoverflow,4738,How to simulate an out of disk space condition on iOS devices?,https://stackoverflow.com/questions/13518016/how-to-simulate-an-out-of-disk-space-condition-on-ios-devices,2026-09-24
12,stackoverflow,3700,Cannot start Chromium in AWS Lambda container but works locally,https://stackoverflow.com/questions/67018070/cannot-start-chromium-in-aws-lambda-container-but-works-locally,2026-09-24
12,stackoverflow,2634,Can not fully remove Fabric & Crashlytics,https://stackoverflow.com/questions/56321707/can-not-fully-remove-fabric-crashlytics,2026-09-24
12,stackoverflow,2248,Does link prefetching work across subdomains?,https://stackoverflow.com/questions/59514350/does-link-prefetching-work-across-subdomains,2026-09-24
12,stackoverflow,2190,How to reduce compile time in an iOS project on CircleCI with COCOAPODS,https://stackoverflow.com/questions/49733441/how-to-reduce-compile-time-in-an-ios-project-on-circleci-with-cocoapods,2026-09-24
12,apple,175964,iOS available space doesn't add up,https://apple.stackexchange.com/questions/177412/ios-available-space-doesnt-add-up,2026-09-24
12,apple,57921,"How to allow the Files app to save to ""On My iPhone"" (or to ""On My iPad"") in iOS 11",https://apple.stackexchange.com/questions/299413/how-to-allow-the-files-app-to-save-to-on-my-iphone-or-to-on-my-ipad-in-ios,2026-09-24
12,apple,37945,"Selling macbook, best/fastest way to delete data?",https://apple.stackexchange.com/questions/86880/selling-macbook-best-fastest-way-to-delete-data,2026-09-24
12,apple,37239,Docker for iPad,https://apple.stackexchange.com/questions/250831/docker-for-ipad,2026-09-24
12,apple,36350,A software update is required to use this startup disk - does not update,https://apple.stackexchange.com/questions/400009/a-software-update-is-required-to-use-this-startup-disk-does-not-update,2026-09-24
12,apple,32408,"iCloud storage is full, how to find each folder size?",https://apple.stackexchange.com/questions/309338/icloud-storage-is-full-how-to-find-each-folder-size,2026-09-24
12,apple,27694,How do I run the iPad simulator to test a website on my mac,https://apple.stackexchange.com/questions/31015/how-do-i-run-the-ipad-simulator-to-test-a-website-on-my-mac,2026-09-24
12,apple,20877,`syspolicyd` CPU usage drains the battery,https://apple.stackexchange.com/questions/432075/syspolicyd-cpu-usage-drains-the-battery,2026-09-24
12,apple,19904,"With iTunes 12.7 no longer managing iOS apps, can I delete IPA files from my Mac?",https://apple.stackexchange.com/questions/298575/with-itunes-12-7-no-longer-managing-ios-apps-can-i-delete-ipa-files-from-my-mac,2026-09-24
12,apple,19732,How to check what is preventing MBP from graceful shutdown/restart and fix it? [Now with log entries],https://apple.stackexchange.com/questions/57240/how-to-check-what-is-preventing-mbp-from-graceful-shutdown-restart-and-fix-it,2026-09-24
12,apple,18268,View iOS Health data externally,https://apple.stackexchange.com/questions/167671/view-ios-health-data-externally,2026-09-24
12,apple,14473,"Strictly limit macOS Photos library size using ""Optimize Storage""?",https://apple.stackexchange.com/questions/371174/strictly-limit-macos-photos-library-size-using-optimize-storage,2026-09-24
12,apple,13956,Backup Photos using Google Photo Desktop Uploader,https://apple.stackexchange.com/questions/189936/backup-photos-using-google-photo-desktop-uploader,2026-09-24
12,apple,13845,My MacBook won't go to sleep anymore,https://apple.stackexchange.com/questions/110828/my-macbook-wont-go-to-sleep-anymore,2026-09-24
12,apple,10135,"Homebrew casks are not updating, how can I fix this?",https://apple.stackexchange.com/questions/432198/homebrew-casks-are-not-updating-how-can-i-fix-this,2026-09-24
12,apple,6028,Can I configure my Macbook to unmount all external drives when I close the lid?,https://apple.stackexchange.com/questions/113302/can-i-configure-my-macbook-to-unmount-all-external-drives-when-i-close-the-lid,2026-09-24
12,apple,4877,Latency spikes on wifi - power saving measure?,https://apple.stackexchange.com/questions/357075/latency-spikes-on-wifi-power-saving-measure,2026-09-24
12,apple,3835,Should important files in iCloud also be backed up elsewhere?,https://apple.stackexchange.com/questions/396876/should-important-files-in-icloud-also-be-backed-up-elsewhere,2026-09-24
12,apple,969,In OS X is it possible to specify which network connection an app uses?,https://apple.stackexchange.com/questions/3496/in-os-x-is-it-possible-to-specify-which-network-connection-an-app-uses,2026-09-24
11,superuser,99509,Wrong IP address when pinged from another machine?,https://superuser.com/questions/538266/wrong-ip-address-when-pinged-from-another-machine,2026-09-24
11,superuser,93804,Permanent fix for unicode characters not displaying correctly (as boxes),https://superuser.com/questions/520355/permanent-fix-for-unicode-characters-not-displaying-correctly-as-boxes,2026-09-24
11,superuser,26023,localhost not working on OS X Yosemite,https://superuser.com/questions/793412/localhost-not-working-on-os-x-yosemite,2026-09-24
11,superuser,25062,Windows on a hybrid MBR/GPT,https://superuser.com/questions/297776/windows-on-a-hybrid-mbr-gpt,2026-09-24
11,superuser,9623,Stop Google Chrome hoarding previous update versions?,https://superuser.com/questions/493476/stop-google-chrome-hoarding-previous-update-versions,2026-09-24
11,stackoverflow,11497,Docker: MariaDB / MySQL startup fails on windows host,https://stackoverflow.com/questions/40109596/docker-mariadb-mysql-startup-fails-on-windows-host,2026-09-24
11,stackoverflow,10164,"Why some css, js and images files are loaded from the disk cache and other no?",https://stackoverflow.com/questions/59826336/why-some-css-js-and-images-files-are-loaded-from-the-disk-cache-and-other-no,2026-09-24
11,stackoverflow,6894,Brew update breaks openssl,https://stackoverflow.com/questions/59583075/brew-update-breaks-openssl,2026-09-24
11,stackoverflow,3216,Running iPhone 5 Simulator on Snow Leopard,https://stackoverflow.com/questions/12602789/running-iphone-5-simulator-on-snow-leopard,2026-09-24
11,apple,116817,How to update latest MacBook pro EFI firmware manually?,https://apple.stackexchange.com/questions/311947/how-to-update-latest-macbook-pro-efi-firmware-manually,2026-09-24
11,apple,96140,A REAL iTunes server on NAS,https://apple.stackexchange.com/questions/117336/a-real-itunes-server-on-nas,2026-09-24
11,apple,94035,Windows boot camp option missing in Startup Disk selection,https://apple.stackexchange.com/questions/198293/windows-boot-camp-option-missing-in-startup-disk-selection,2026-09-24
11,apple,59107,"Can I restore an iPhone backup taken from a previous iOS version, or is there a better way to retain my data?",https://apple.stackexchange.com/questions/27004/can-i-restore-an-iphone-backup-taken-from-a-previous-ios-version-or-is-there-a,2026-09-24
11,apple,25313,Docker Desktop app for Apple Silicon requires Rosetta 2. Why?,https://apple.stackexchange.com/questions/466197/docker-desktop-app-for-apple-silicon-requires-rosetta-2-why,2026-09-24
11,apple,24621,How do I encrypt an external drive with FileVault 2 in OSX Yosemite,https://apple.stackexchange.com/questions/179819/how-do-i-encrypt-an-external-drive-with-filevault-2-in-osx-yosemite,2026-09-24
11,apple,23091,How do I backup and restore my IPA app backups in iTunes 12.7?,https://apple.stackexchange.com/questions/298307/how-do-i-backup-and-restore-my-ipa-app-backups-in-itunes-12-7,2026-09-24
11,apple,18430,"I removed the passcode from my iPhone before repair, has my data been compromized?",https://apple.stackexchange.com/questions/311476/i-removed-the-passcode-from-my-iphone-before-repair-has-my-data-been-compromize,2026-09-24
11,apple,15754,MacOS uses virtual-memory / swap a lot,https://apple.stackexchange.com/questions/309493/macos-uses-virtual-memory-swap-a-lot,2026-09-24
11,apple,14556,Running docker daemon on Apple Silicon without Docker Desktop,https://apple.stackexchange.com/questions/435962/running-docker-daemon-on-apple-silicon-without-docker-desktop,2026-09-24
11,apple,13496,Is it possible to install only MongoDB command line tools on MacOS?,https://apple.stackexchange.com/questions/319586/is-it-possible-to-install-only-mongodb-command-line-tools-on-macos,2026-09-24
11,apple,12773,How to recover from deleting Xcode CoreSimulator devices from disk?,https://apple.stackexchange.com/questions/231105/how-to-recover-from-deleting-xcode-coresimulator-devices-from-disk,2026-09-24
11,apple,10640,iOS 8: Prevent Safari Mobile from reloading tabs by default,https://apple.stackexchange.com/questions/190654/ios-8-prevent-safari-mobile-from-reloading-tabs-by-default,2026-09-24
11,apple,8649,Apple iOS 17.2 Simulator keeps appearing in Disk Utility. Doesn't go away,https://apple.stackexchange.com/questions/468390/apple-ios-17-2-simulator-keeps-appearing-in-disk-utility-doesnt-go-away,2026-09-24
11,apple,6416,`brew cleanup` doesn't scrub the Caskroom,https://apple.stackexchange.com/questions/359456/brew-cleanup-doesnt-scrub-the-caskroom,2026-09-24
11,apple,5830,Why am I frequently asked for access to my Local Network since upgrading to Sequoia?,https://apple.stackexchange.com/questions/477249/why-am-i-frequently-asked-for-access-to-my-local-network-since-upgrading-to-sequ,2026-09-24
11,apple,5375,"What launches an ancient ""Update Helper"" and how do I confirm it's not a trojan?",https://apple.stackexchange.com/questions/249937/what-launches-an-ancient-update-helper-and-how-do-i-confirm-its-not-a-trojan,2026-09-24
11,apple,4197,How to uninstall Xcode IDE without completely removing the dev tools,https://apple.stackexchange.com/questions/38198/how-to-uninstall-xcode-ide-without-completely-removing-the-dev-tools,2026-09-24
11,apple,3421,iOS 7: iCloud backup fails silently,https://apple.stackexchange.com/questions/119894/ios-7-icloud-backup-fails-silently,2026-09-24
11,apple,2791,"MacOS cannot copy ""special"" files...they are marked with ""s""",https://apple.stackexchange.com/questions/420597/macos-cannot-copy-special-files-they-are-marked-with-s,2026-09-24
11,apple,1207,APFS decreases space randomly,https://apple.stackexchange.com/questions/302235/apfs-decreases-space-randomly,2026-09-24
11,apple,1182,How to share Mac System which has Lions OS 10.7?,https://apple.stackexchange.com/questions/28514/how-to-share-mac-system-which-has-lions-os-10-7,2026-09-24
10,superuser,16187,"On my Mac, I can ""nsloookup hostname"" but I can't ping it?",https://superuser.com/questions/1783630/on-my-mac-i-can-nsloookup-hostname-but-i-cant-ping-it,2026-09-24
10,superuser,15548,How to automatically eject external drive after Time Machine runs?,https://superuser.com/questions/164072/how-to-automatically-eject-external-drive-after-time-machine-runs,2026-09-24
10,superuser,6145,How do I setup a local DNS server on Mac OS X 10.7 (Lion)?,https://superuser.com/questions/408107/how-do-i-setup-a-local-dns-server-on-mac-os-x-10-7-lion,2026-09-24
10,stackoverflow,12895,Homebrew install issues,https://stackoverflow.com/questions/14616981/homebrew-install-issues,2026-09-24
10,stackoverflow,12333,"Brew upgrade python returns ""python not installed""",https://stackoverflow.com/questions/63525659/brew-upgrade-python-returns-python-not-installed,2026-09-24
10,stackoverflow,10562,Reclaim disk space after removing file from Docker container,https://stackoverflow.com/questions/51600673/reclaim-disk-space-after-removing-file-from-docker-container,2026-09-24
10,stackoverflow,9445,Chrome slow to load resources `(from disk cache)`,https://stackoverflow.com/questions/42391256/chrome-slow-to-load-resources-from-disk-cache,2026-09-24
10,stackoverflow,6282,AVD doesn't stop to consume disk space,https://stackoverflow.com/questions/55062281/avd-doesnt-stop-to-consume-disk-space,2026-09-24
10,stackoverflow,5295,307 Internal Redirect Non-Authoritative-Reason: DNS,https://stackoverflow.com/questions/73230856/307-internal-redirect-non-authoritative-reason-dns,2026-09-24
10,stackoverflow,3989,Embedded local mp4 not playing in Chrome when running jekyll serve (ECONNRESET),https://stackoverflow.com/questions/48876911/embedded-local-mp4-not-playing-in-chrome-when-running-jekyll-serve-econnreset,2026-09-24
10,stackoverflow,3766,Locate Blazor Webassembly downloaded .dll files on disk?,https://stackoverflow.com/questions/64313488/locate-blazor-webassembly-downloaded-dll-files-on-disk,2026-09-24
10,stackoverflow,2460,The mysterious case of disappearing blobs in Chrome (in IndexedDB),https://stackoverflow.com/questions/26580844/the-mysterious-case-of-disappearing-blobs-in-chrome-in-indexeddb,2026-09-24
10,apple,215720,Can I delete a file from being shown in the 'recents' area of the Files iOS app?,https://apple.stackexchange.com/questions/354768/can-i-delete-a-file-from-being-shown-in-the-recents-area-of-the-files-ios-app,2026-09-24
10,apple,66485,Running an iOS Emulator on Mac,https://apple.stackexchange.com/questions/313526/running-an-ios-emulator-on-mac,2026-09-24
10,apple,63319,How to identify and fix files with corrupted / inaccessible disk blocks,https://apple.stackexchange.com/questions/129030/how-to-identify-and-fix-files-with-corrupted-inaccessible-disk-blocks,2026-09-24
10,apple,55080,Is it safe to remove /vm/swapfile0?,https://apple.stackexchange.com/questions/327054/is-it-safe-to-remove-vm-swapfile0,2026-09-24
10,apple,38114,Backing up huge iCloud photo library to external HDD,https://apple.stackexchange.com/questions/418111/backing-up-huge-icloud-photo-library-to-external-hdd,2026-09-24
10,apple,21093,Does iOS simulator in Xcode allow AppleID sign in?,https://apple.stackexchange.com/questions/321365/does-ios-simulator-in-xcode-allow-appleid-sign-in,2026-09-24
10,apple,19294,Delete cached (offline) email on hard drive in Mail program (El Capitan),https://apple.stackexchange.com/questions/240080/delete-cached-offline-email-on-hard-drive-in-mail-program-el-capitan,2026-09-24
10,apple,13350,Are there any up-to-date rsync frontends or similar for OSX?,https://apple.stackexchange.com/questions/208155/are-there-any-up-to-date-rsync-frontends-or-similar-for-osx,2026-09-24
10,apple,10650,"Let's try to fix the ""Sleep Wake failure in EFI -- Failure code:: 0xffffffff 0x0000001f""",https://apple.stackexchange.com/questions/442794/lets-try-to-fix-the-sleep-wake-failure-in-efi-failure-code-0xffffffff-0x0,2026-09-24
10,apple,10347,"Time Machine: first backup keeps growing while backing up, never completes",https://apple.stackexchange.com/questions/342558/time-machine-first-backup-keeps-growing-while-backing-up-never-completes,2026-09-24
10,apple,9521,How to delete a file from Time Machine backups in Big Sur?,https://apple.stackexchange.com/questions/404564/how-to-delete-a-file-from-time-machine-backups-in-big-sur,2026-09-24
10,apple,9414,Safari history disappears despite settings,https://apple.stackexchange.com/questions/310566/safari-history-disappears-despite-settings,2026-09-24
10,apple,8510,How do I transfer a Photos project from one mac to another?,https://apple.stackexchange.com/questions/208491/how-do-i-transfer-a-photos-project-from-one-mac-to-another,2026-09-24
10,apple,8382,Cannot store files on Time Machine backup drive,https://apple.stackexchange.com/questions/433790/cannot-store-files-on-time-machine-backup-drive,2026-09-24
10,apple,8227,Time Machine failing to complete backup,https://apple.stackexchange.com/questions/304661/time-machine-failing-to-complete-backup,2026-09-24
10,apple,7966,iOS Simulator Hidden in Xcode 4.3.1?,https://apple.stackexchange.com/questions/43309/ios-simulator-hidden-in-xcode-4-3-1,2026-09-24
10,apple,7058,Is it possible to limit the size of an APFS volume?,https://apple.stackexchange.com/questions/409047/is-it-possible-to-limit-the-size-of-an-apfs-volume,2026-09-24
10,apple,4786,"How does the new ""local snapshots"" feature of Time Machine in Lion work?",https://apple.stackexchange.com/questions/18532/how-does-the-new-local-snapshots-feature-of-time-machine-in-lion-work,2026-09-24
10,apple,4606,"Prohibitory sign on boot after Sierra update, can't mount disk anymore",https://apple.stackexchange.com/questions/289225/prohibitory-sign-on-boot-after-sierra-update-cant-mount-disk-anymore,2026-09-24
10,apple,3905,Temporary dyld_shared_cache taking a lot of space,https://apple.stackexchange.com/questions/387634/temporary-dyld-shared-cache-taking-a-lot-of-space,2026-09-24
10,apple,3472,"Brand new iMac, cannot login to anything",https://apple.stackexchange.com/questions/287743/brand-new-imac-cannot-login-to-anything,2026-09-24
10,apple,3355,How to restore an individual file from Time Machine using CLI (MacOS),https://apple.stackexchange.com/questions/442475/how-to-restore-an-individual-file-from-time-machine-using-cli-macos,2026-09-24
10,apple,1875,Xcode Simulator - Show White Devices Instead of Black,https://apple.stackexchange.com/questions/301119/xcode-simulator-show-white-devices-instead-of-black,2026-09-24
10,apple,1501,How do Time Machine's checksums work?,https://apple.stackexchange.com/questions/255388/how-do-time-machines-checksums-work,2026-09-24
9,superuser,20262,Running a VM off a USB 2.0 Flash Drive - Mac/Parallels/XP,https://superuser.com/questions/379639/running-a-vm-off-a-usb-2-0-flash-drive-mac-parallels-xp,2026-09-24
9,superuser,18008,Lion / name resolution order,https://superuser.com/questions/313128/lion-name-resolution-order,2026-09-24
9,superuser,15505,"Can't download .exe, stuck at 99% for all browsers",https://superuser.com/questions/602693/cant-download-exe-stuck-at-99-for-all-browsers,2026-09-24
9,superuser,11600,Create new partition on encrypted volume in OS X Lion,https://superuser.com/questions/314684/create-new-partition-on-encrypted-volume-in-os-x-lion,2026-09-24
9,superuser,7033,find -printf on Mac (-printf unknown option),https://superuser.com/questions/293199/find-printf-on-mac-printf-unknown-option,2026-09-24
9,superuser,5397,Time Machine encryption versus disk encryption,https://superuser.com/questions/730264/time-machine-encryption-versus-disk-encryption,2026-09-24
9,superuser,4742,Mac disk full error but plenty of space,https://superuser.com/questions/1259175/mac-disk-full-error-but-plenty-of-space,2026-09-24
9,stackoverflow,18768,Max disk cache size in google chrome,https://stackoverflow.com/questions/22280326/max-disk-cache-size-in-google-chrome,2026-09-24
9,stackoverflow,18099,Where are docker images stored physically on macos?,https://stackoverflow.com/questions/54148999/where-are-docker-images-stored-physically-on-macos,2026-09-24
9,stackoverflow,15414,How to install PhantomJS for use with Python Selenium on the Raspberry Pi?,https://stackoverflow.com/questions/36314771/how-to-install-phantomjs-for-use-with-python-selenium-on-the-raspberry-pi,2026-09-24
9,stackoverflow,11998,Can't get simple html5 manifest cache to work!,https://stackoverflow.com/questions/5863380/cant-get-simple-html5-manifest-cache-to-work,2026-09-24
9,stackoverflow,11078,Is Docker.raw necessary or can be erased?,https://stackoverflow.com/questions/76297987/is-docker-raw-necessary-or-can-be-erased,2026-09-24
9,stackoverflow,8923,Load local image file from within WebView,https://stackoverflow.com/questions/40804298/load-local-image-file-from-within-webview,2026-09-24
9,stackoverflow,4536,Homebrew: insufficient permission for adding an object to repository database .git/objects,https://stackoverflow.com/questions/20505465/homebrew-insufficient-permission-for-adding-an-object-to-repository-database-g,2026-09-24
9,stackoverflow,3842,NSURLConnection on iOS doesn't try to cache objects larger than 50KB,https://stackoverflow.com/questions/7166422/nsurlconnection-on-ios-doesnt-try-to-cache-objects-larger-than-50kb,2026-09-24
9,stackoverflow,2368,Performance of NSManagedObjectContext save degrades dramatically,https://stackoverflow.com/questions/6374159/performance-of-nsmanagedobjectcontext-save-degrades-dramatically,2026-09-24
9,stackoverflow,1489,Service worker cache vs HTTP cache,https://stackoverflow.com/questions/51462413/service-worker-cache-vs-http-cache,2026-09-24
9,stackoverflow,1226,error converting AudioBufferList to CMBlockBufferRef,https://stackoverflow.com/questions/31505111/error-converting-audiobufferlist-to-cmblockbufferref,2026-09-24
9,apple,114910,How can I backup everything from iCloud Photo Library on Windows?,https://apple.stackexchange.com/questions/190713/how-can-i-backup-everything-from-icloud-photo-library-on-windows,2026-09-24
9,apple,86596,Restore Macintosh HD to its original partition configuration,https://apple.stackexchange.com/questions/139157/restore-macintosh-hd-to-its-original-partition-configuration,2026-09-24
9,apple,67986,Mac stuck in restart cycle after failed macOS Catalina update,https://apple.stackexchange.com/questions/371863/mac-stuck-in-restart-cycle-after-failed-macos-catalina-update,2026-09-24
9,apple,59609,Can I use 16GB DDR3-1600MHz RAM in an early Macbook Pro 8.2?,https://apple.stackexchange.com/questions/42101/can-i-use-16gb-ddr3-1600mhz-ram-in-an-early-macbook-pro-8-2,2026-09-24
9,apple,44797,diagnosing (likely) hardware fault on MBP 15'' (early 2011),https://apple.stackexchange.com/questions/97315/diagnosing-likely-hardware-fault-on-mbp-15-early-2011,2026-09-24
9,apple,29801,Can't login because of kernel panic,https://apple.stackexchange.com/questions/321544/cant-login-because-of-kernel-panic,2026-09-24
9,apple,27935,Macbook does not wake up properly after several hours of sleep,https://apple.stackexchange.com/questions/337635/macbook-does-not-wake-up-properly-after-several-hours-of-sleep,2026-09-24
9,apple,27784,Can't resize macOS partition (APFS error code 49187),https://apple.stackexchange.com/questions/316061/cant-resize-macos-partition-apfs-error-code-49187,2026-09-24
9,apple,19624,How can I install .ipa file to my iPhone simulator?,https://apple.stackexchange.com/questions/113053/how-can-i-install-ipa-file-to-my-iphone-simulator,2026-09-24
9,apple,19194,Is there a way to limit the size of the disk swap file in Mac OS X?,https://apple.stackexchange.com/questions/64440/is-there-a-way-to-limit-the-size-of-the-disk-swap-file-in-mac-os-x,2026-09-24
9,apple,13263,iBooks iCloud Storage Limit?,https://apple.stackexchange.com/questions/233369/ibooks-icloud-storage-limit,2026-09-24
9,apple,12692,Warning message when trying to change Standby mode settings,https://apple.stackexchange.com/questions/61057/warning-message-when-trying-to-change-standby-mode-settings,2026-09-24
9,apple,11342,macOS High Sierra (10.13) Upgrade Fails With Endless Kernel Panic Loop,https://apple.stackexchange.com/questions/299739/macos-high-sierra-10-13-upgrade-fails-with-endless-kernel-panic-loop,2026-09-24
9,apple,9979,Can I calculate the size of HFS Time Machine local snapshots from the command line?,https://apple.stackexchange.com/questions/315454/can-i-calculate-the-size-of-hfs-time-machine-local-snapshots-from-the-command-li,2026-09-24
9,apple,6364,Is there a maximum number of files supported/recommended in Photos.app?,https://apple.stackexchange.com/questions/183492/is-there-a-maximum-number-of-files-supported-recommended-in-photos-app,2026-09-24
9,apple,4854,How can I move /Library/Developer to an external disk?,https://apple.stackexchange.com/questions/372010/how-can-i-move-library-developer-to-an-external-disk,2026-09-24
9,apple,4701,Can the macbook air trackpad play nice with the iOS simulator?,https://apple.stackexchange.com/questions/29188/can-the-macbook-air-trackpad-play-nice-with-the-ios-simulator,2026-09-24
9,apple,4409,MacBook Pro won’t sleep automatically — no process preventing sleep according to pmset. What’s going on?,https://apple.stackexchange.com/questions/34589/macbook-pro-won-t-sleep-automatically-no-process-preventing-sleep-according-to,2026-09-24
9,apple,3396,com.docker.socket was not opened because it contains malware,https://apple.stackexchange.com/questions/477976/com-docker-socket-was-not-opened-because-it-contains-malware,2026-09-24
9,apple,3369,Does Spotlight index content that resides only on iCloud Drive after local storage is purged?,https://apple.stackexchange.com/questions/264968/does-spotlight-index-content-that-resides-only-on-icloud-drive-after-local-stora,2026-09-24
9,apple,3287,Clone all of an iPhone's data,https://apple.stackexchange.com/questions/263367/clone-all-of-an-iphones-data,2026-09-24
9,apple,3047,Triple Boot Lion+Win7+Linux,https://apple.stackexchange.com/questions/39110/triple-boot-lionwin7linux,2026-09-24
9,apple,2397,My macbook pro os x sierra 10.12.3 keeps crashing and report AirPortBrcm4360 issue,https://apple.stackexchange.com/questions/273365/my-macbook-pro-os-x-sierra-10-12-3-keeps-crashing-and-report-airportbrcm4360-iss,2026-09-24
9,apple,1449,Creating a non-TM snapshot of an external APFS volume,https://apple.stackexchange.com/questions/451418/creating-a-non-tm-snapshot-of-an-external-apfs-volume,2026-09-24
9,apple,880,Recover in-memory Pages data from failed hibernation wakeup,https://apple.stackexchange.com/questions/65286/recover-in-memory-pages-data-from-failed-hibernation-wakeup,2026-09-24
9,apple,748,Is there a limit to how old a device/iOS version iTunes can backup?,https://apple.stackexchange.com/questions/277508/is-there-a-limit-to-how-old-a-device-ios-version-itunes-can-backup,2026-09-24
8,superuser,23569,Merge non-contiguous partition on Windows 10,https://superuser.com/questions/1337959/merge-non-contiguous-partition-on-windows-10,2026-09-24
8,superuser,2720,Get Python to raise MemoryError instead of eating all my disk space,https://superuser.com/questions/508468/get-python-to-raise-memoryerror-instead-of-eating-all-my-disk-space,2026-09-24
8,superuser,2171,Is it safe to remove old Chrome extension versions?,https://superuser.com/questions/984806/is-it-safe-to-remove-old-chrome-extension-versions,2026-09-24
8,apple,99087,Restoring an OLD iPhone backup,https://apple.stackexchange.com/questions/94983/restoring-an-old-iphone-backup,2026-09-24
8,apple,46779,"How to disable ""iCloud Storage is Full"" Messages on OS X",https://apple.stackexchange.com/questions/218494/how-to-disable-icloud-storage-is-full-messages-on-os-x,2026-09-24
8,apple,37945,macOS Sierra update can't be installed on this disk.This volume does not meet the requirements for this update,https://apple.stackexchange.com/questions/300515/macos-sierra-update-cant-be-installed-on-this-disk-this-volume-does-not-meet-th,2026-09-24
8,apple,29697,Missing disk space on macOS,https://apple.stackexchange.com/questions/311843/missing-disk-space-on-macos,2026-09-24
8,apple,27675,How many backups are kept in iCloud and for how long?,https://apple.stackexchange.com/questions/173612/how-many-backups-are-kept-in-icloud-and-for-how-long,2026-09-24
8,apple,25075,"Time Machine says it couldn't complete back up because disk is nearly full, but it isn't",https://apple.stackexchange.com/questions/421784/time-machine-says-it-couldnt-complete-back-up-because-disk-is-nearly-full-but,2026-09-24
8,apple,25051,Blocking internet access for a specific application on Mac OS X,https://apple.stackexchange.com/questions/127824/blocking-internet-access-for-a-specific-application-on-mac-os-x,2026-09-24
8,apple,23166,Is there any way to disable APFS local snapshots?,https://apple.stackexchange.com/questions/364628/is-there-any-way-to-disable-apfs-local-snapshots,2026-09-24
8,apple,13865,"Does ""Download and Keep Original"" require manual sync of each photo?",https://apple.stackexchange.com/questions/281685/does-download-and-keep-original-require-manual-sync-of-each-photo,2026-09-24
8,apple,10946,How to launch browser in iOS Simulator from command line?,https://apple.stackexchange.com/questions/117064/how-to-launch-browser-in-ios-simulator-from-command-line,2026-09-24
8,apple,10782,xhost on MacOS Catalina,https://apple.stackexchange.com/questions/378348/xhost-on-macos-catalina,2026-09-24
8,apple,10420,"This container can’t be split, because the resulting containers would be too small",https://apple.stackexchange.com/questions/372262/this-container-can-t-be-split-because-the-resulting-containers-would-be-too-sma,2026-09-24
8,apple,10110,How best to isolate my development environment on OS X?,https://apple.stackexchange.com/questions/198575/how-best-to-isolate-my-development-environment-on-os-x,2026-09-24
8,apple,10084,Can the App Store be installed on Xcode's iOS Simulator on the new ARM/M1 powered Macs?,https://apple.stackexchange.com/questions/408084/can-the-app-store-be-installed-on-xcodes-ios-simulator-on-the-new-arm-m1-powere,2026-09-24
8,apple,7269,Disable iCloud Backup without deleting existing backup?,https://apple.stackexchange.com/questions/275909/disable-icloud-backup-without-deleting-existing-backup,2026-09-24
8,apple,6942,How to increase global maxfiles ulimit on OSX 13.1 Ventura,https://apple.stackexchange.com/questions/453050/how-to-increase-global-maxfiles-ulimit-on-osx-13-1-ventura,2026-09-24
8,apple,6209,MacBook Pro having trouble sleeping,https://apple.stackexchange.com/questions/360613/macbook-pro-having-trouble-sleeping,2026-09-24
8,apple,4983,Xcode cannot download iOS 10 simulator due to network connection issue,https://apple.stackexchange.com/questions/275121/xcode-cannot-download-ios-10-simulator-due-to-network-connection-issue,2026-09-24
8,apple,3054,Kernel Panic right after sleep in macOS High Sierra,https://apple.stackexchange.com/questions/333582/kernel-panic-right-after-sleep-in-macos-high-sierra,2026-09-24
8,apple,2852,Time Machine Backups are now all failing - can't find reason,https://apple.stackexchange.com/questions/461137/time-machine-backups-are-now-all-failing-cant-find-reason,2026-09-24
8,apple,2023,How do I install catdoc via homebrew?,https://apple.stackexchange.com/questions/294246/how-do-i-install-catdoc-via-homebrew,2026-09-24
8,apple,1635,What is the difference between “/private/var/vm” and “/vm”?,https://apple.stackexchange.com/questions/360928/what-is-the-difference-between-private-var-vm-and-vm,2026-09-24
8,apple,1499,Why would native Mac filesystem performance be MUCH worse than various virtualized disks on the same mac?,https://apple.stackexchange.com/questions/382885/why-would-native-mac-filesystem-performance-be-much-worse-than-various-virtualiz,2026-09-24
8,apple,957,AppleScript Photos export quality,https://apple.stackexchange.com/questions/410229/applescript-photos-export-quality,2026-09-24
7,superuser,28534,Mac Hard Drive full message when it's not,https://superuser.com/questions/682465/mac-hard-drive-full-message-when-its-not,2026-09-24
7,superuser,26781,How do I resize an APFS Volume to reclaim all space inside its container?,https://superuser.com/questions/1681939/how-do-i-resize-an-apfs-volume-to-reclaim-all-space-inside-its-container,2026-09-24
7,superuser,12131,"Mac Lion OS X - I deleted files, but the disk free space is not increased",https://superuser.com/questions/550801/mac-lion-os-x-i-deleted-files-but-the-disk-free-space-is-not-increased,2026-09-24
7,superuser,8864,Does OS X support disk compression?,https://superuser.com/questions/579371/does-os-x-support-disk-compression,2026-09-24
7,superuser,4847,What's up with this 64GB USB thumb drive appearing as two disks?,https://superuser.com/questions/71729/whats-up-with-this-64gb-usb-thumb-drive-appearing-as-two-disks,2026-09-24
7,superuser,4676,Virtualbox: is my partition dynamic or not?,https://superuser.com/questions/604046/virtualbox-is-my-partition-dynamic-or-not,2026-09-24
7,superuser,3119,Why does my freshly-formatted disk have 450 MB of data on it?,https://superuser.com/questions/222127/why-does-my-freshly-formatted-disk-have-450-mb-of-data-on-it,2026-09-24
7,stackoverflow,11058,Why has Docker volume run out of space?,https://stackoverflow.com/questions/42703481/why-has-docker-volume-run-out-of-space,2026-09-24
7,stackoverflow,10727,Uninstalling selected parts of Android SDK on the command line,https://stackoverflow.com/questions/19775404/uninstalling-selected-parts-of-android-sdk-on-the-command-line,2026-09-24
7,stackoverflow,8873,How can I reduce space used by Docker in MacOS?,https://stackoverflow.com/questions/60648072/how-can-i-reduce-space-used-by-docker-in-macos,2026-09-24
7,stackoverflow,7627,Where does React-Native AsyncStorage save data on disk using iPhone Simulator?,https://stackoverflow.com/questions/41780584/where-does-react-native-asyncstorage-save-data-on-disk-using-iphone-simulator,2026-09-24
7,stackoverflow,6952,Homebrew is halfway installed. Can't re-install or uninstall - How can I manually uninstall?,https://stackoverflow.com/questions/13389760/homebrew-is-halfway-installed-cant-re-install-or-uninstall-how-can-i-manuall,2026-09-24
7,stackoverflow,6222,Recording to AAC from RemoteIO: data is getting written but file unplayable,https://stackoverflow.com/questions/10113977/recording-to-aac-from-remoteio-data-is-getting-written-but-file-unplayable,2026-09-24
7,stackoverflow,4909,Error running playground. Unable to find suitable target device,https://stackoverflow.com/questions/28104239/error-running-playground-unable-to-find-suitable-target-device,2026-09-24
7,stackoverflow,2823,Nativescript - Set the target IOS version for Nativescript plugins,https://stackoverflow.com/questions/63341691/nativescript-set-the-target-ios-version-for-nativescript-plugins,2026-09-24
7,stackoverflow,2029,java.nio.channels.ClosedByInterruptException in Spark,https://stackoverflow.com/questions/41867053/java-nio-channels-closedbyinterruptexception-in-spark,2026-09-24
7,stackoverflow,191,"Using std::cout with exception configuration triggers cerr throwing exception, too",https://stackoverflow.com/questions/79979914/using-stdcout-with-exception-configuration-triggers-cerr-throwing-exception-t,2026-09-24
7,apple,26115,Startup disk has no more space available for application memory?,https://apple.stackexchange.com/questions/18409/startup-disk-has-no-more-space-available-for-application-memory,2026-09-24
7,apple,23610,Mac wakes up from sleep every two hours on Mac OS X Yosemite,https://apple.stackexchange.com/questions/151568/mac-wakes-up-from-sleep-every-two-hours-on-mac-os-x-yosemite,2026-09-24
7,apple,17641,Move macos user home folders on external drive,https://apple.stackexchange.com/questions/343601/move-macos-user-home-folders-on-external-drive,2026-09-24
7,apple,15272,The volume is the wrong format for a backup. Why?,https://apple.stackexchange.com/questions/421062/the-volume-is-the-wrong-format-for-a-backup-why,2026-09-24
7,apple,13945,DNS problems with Wireguard VPN,https://apple.stackexchange.com/questions/396507/dns-problems-with-wireguard-vpn,2026-09-24
7,apple,12031,Is it OK for Time Machine to take a long time to decrypt a freshly formatted encrypted disk?,https://apple.stackexchange.com/questions/338715/is-it-ok-for-time-machine-to-take-a-long-time-to-decrypt-a-freshly-formatted-enc,2026-09-24
7,apple,11036,cannot install iOS 7.1 simulator for Xcode 6 (weird file mounting error),https://apple.stackexchange.com/questions/147873/cannot-install-ios-7-1-simulator-for-xcode-6-weird-file-mounting-error,2026-09-24
7,apple,10543,Best practices to move macOS Mail.app storage to an external drive?,https://apple.stackexchange.com/questions/351524/best-practices-to-move-macos-mail-app-storage-to-an-external-drive,2026-09-24
7,apple,8632,"How to unjam stuck iOS backup, or reboot when error occurs: ""Finder can't quit because an operation is still in progress on an iOS device""",https://apple.stackexchange.com/questions/426234/how-to-unjam-stuck-ios-backup-or-reboot-when-error-occurs-finder-cant-quit-b,2026-09-24
7,apple,7365,Why does my MacBook Pro take so long to go to sleep?,https://apple.stackexchange.com/questions/19574/why-does-my-macbook-pro-take-so-long-to-go-to-sleep,2026-09-24
7,apple,5311,"Is it possible to uninstall Xcode, keep the CLI tools and have a working Homebrew installation running on macOS Mojave?",https://apple.stackexchange.com/questions/354966/is-it-possible-to-uninstall-xcode-keep-the-cli-tools-and-have-a-working-homebre,2026-09-24
7,apple,4055,Can i create my own back up iCloud account other than the one my ex boyfriend set my iphone up with?,https://apple.stackexchange.com/questions/88011/can-i-create-my-own-back-up-icloud-account-other-than-the-one-my-ex-boyfriend-se,2026-09-24
7,apple,4024,Reading HFS standard and MFS on Catalina,https://apple.stackexchange.com/questions/389186/reading-hfs-standard-and-mfs-on-catalina,2026-09-24
7,apple,3996,How do you monitor free disk space?,https://apple.stackexchange.com/questions/468093/how-do-you-monitor-free-disk-space,2026-09-24
7,apple,3062,iOS Photo No Longer Optimising Storage,https://apple.stackexchange.com/questions/291218/ios-photo-no-longer-optimising-storage,2026-09-24
7,apple,2412,"I installed latest Xcode (4.3.2) which comes as package, can I delete the older versions?",https://apple.stackexchange.com/questions/48546/i-installed-latest-xcode-4-3-2-which-comes-as-package-can-i-delete-the-older,2026-09-24
7,apple,1770,Test website on real iPad on macOS,https://apple.stackexchange.com/questions/274823/test-website-on-real-ipad-on-macos,2026-09-24
7,apple,1211,"""Your full-resolution photos and videos stored in iCloud may not fit on this Mac."" even with 45 GB of free space on internal SSD",https://apple.stackexchange.com/questions/326964/your-full-resolution-photos-and-videos-stored-in-icloud-may-not-fit-on-this-mac,2026-09-24
7,apple,714,How does Apple Watch backup work?,https://apple.stackexchange.com/questions/186536/how-does-apple-watch-backup-work,2026-09-24
7,apple,545,Backup software like Time Machine and CrashPlan combined?,https://apple.stackexchange.com/questions/117572/backup-software-like-time-machine-and-crashplan-combined,2026-09-24
6,superuser,14024,Windows 8 refuses to install on new partition created using Boot Camp,https://superuser.com/questions/857245/windows-8-refuses-to-install-on-new-partition-created-using-boot-camp,2026-09-24
6,superuser,9787,Can't complete installation of Xcode,https://superuser.com/questions/1391048/cant-complete-installation-of-xcode,2026-09-24
6,superuser,8729,Run script when a specific disk/memory card is mounted under OSX,https://superuser.com/questions/132084/run-script-when-a-specific-disk-memory-card-is-mounted-under-osx,2026-09-24
6,superuser,2264,"After doubling virtual disk size in VirtualBox, fdisk -l still shows old disk size in guest CentOS",https://superuser.com/questions/459539/after-doubling-virtual-disk-size-in-virtualbox-fdisk-l-still-shows-old-disk-si,2026-09-24
6,superuser,1810,Storage disk format to use to be utilised by all OS,https://superuser.com/questions/665608/storage-disk-format-to-use-to-be-utilised-by-all-os,2026-09-24
6,superuser,1241,Developing .NET on a 2011 MacBook Pro via Windows 7 VMWare Fusion Virtual Machine,https://superuser.com/questions/305316/developing-net-on-a-2011-macbook-pro-via-windows-7-vmware-fusion-virtual-machin,2026-09-24
6,superuser,1198,Renting linux server just to make backups of my personnal data?,https://superuser.com/questions/118474/renting-linux-server-just-to-make-backups-of-my-personnal-data,2026-09-24
6,stackoverflow,10808,"Emulator process terminated, how do I get Android Studio emulators to run?",https://stackoverflow.com/questions/72256332/emulator-process-terminated-how-do-i-get-android-studio-emulators-to-run,2026-09-24
6,stackoverflow,10259,Android Studio with Flutter doesn't see emulator,https://stackoverflow.com/questions/62619396/android-studio-with-flutter-doesnt-see-emulator,2026-09-24
6,stackoverflow,10216,How to safely remove/uninstall Android Virtual Device .img files added by Visual Studio Emulator for Android,https://stackoverflow.com/questions/45071245/how-to-safely-remove-uninstall-android-virtual-device-img-files-added-by-visual,2026-09-24
6,stackoverflow,5330,IOS process internals - how to get information?,https://stackoverflow.com/questions/7595702/ios-process-internals-how-to-get-information,2026-09-24
6,stackoverflow,4179,"Macbook M1 - Postgres Installation - ""/tmp/.s.PGSQL.5432"" - Failure while executing; `/bin/launchctl bootstrap",https://stackoverflow.com/questions/70265128/macbook-m1-postgres-installation-tmp-s-pgsql-5432-failure-while-execut,2026-09-24
6,stackoverflow,1684,"Apple watch: How to scroll only table contents, and not the whole watch user interface?",https://stackoverflow.com/questions/39120805/apple-watch-how-to-scroll-only-table-contents-and-not-the-whole-watch-user-int,2026-09-24
6,stackoverflow,1652,Why can't I leverage 4GB of RAM in my computer to process less than 2GB of information in C#?,https://stackoverflow.com/questions/704350/why-cant-i-leverage-4gb-of-ram-in-my-computer-to-process-less-than-2gb-of-infor,2026-09-24
6,stackoverflow,1108,Why Does Asynchronous UDP Datagram Haskell Server Have Packet Loss?,https://stackoverflow.com/questions/10823974/why-does-asynchronous-udp-datagram-haskell-server-have-packet-loss,2026-09-24
6,apple,659985,How can I restore photos from an iCloud backup to a new iPhone?,https://apple.stackexchange.com/questions/115305/how-can-i-restore-photos-from-an-icloud-backup-to-a-new-iphone,2026-09-24
6,apple,41271,"iPhone backup or sync issue ""unknown error occurred (-50)""",https://apple.stackexchange.com/questions/148178/iphone-backup-or-sync-issue-unknown-error-occurred-50,2026-09-24
6,apple,17235,How to install Homebrew without Command Line Tools if already have Xcode,https://apple.stackexchange.com/questions/414875/how-to-install-homebrew-without-command-line-tools-if-already-have-xcode,2026-09-24
6,apple,14554,Animated GIF images are slow on iOS,https://apple.stackexchange.com/questions/46928/animated-gif-images-are-slow-on-ios,2026-09-24
6,apple,7087,App Store: Not enough disk space to install Xcode,https://apple.stackexchange.com/questions/370806/app-store-not-enough-disk-space-to-install-xcode,2026-09-24
6,apple,5949,"What does ""slide to upgrade"" do?",https://apple.stackexchange.com/questions/232031/what-does-slide-to-upgrade-do,2026-09-24
6,apple,5317,Minimal Xcode installation without iOS SDK,https://apple.stackexchange.com/questions/15231/minimal-xcode-installation-without-ios-sdk,2026-09-24
6,apple,3594,Network Link Conditioner not working,https://apple.stackexchange.com/questions/79400/network-link-conditioner-not-working,2026-09-24
6,apple,2792,What does iCloud *not* backup for iOS?,https://apple.stackexchange.com/questions/394970/what-does-icloud-not-backup-for-ios,2026-09-24
6,apple,2570,Is Snow Leopard Server a good candidate for everyday use as a main OS?,https://apple.stackexchange.com/questions/13383/is-snow-leopard-server-a-good-candidate-for-everyday-use-as-a-main-os,2026-09-24
6,apple,1971,Certain apps occasionally won't unhide once hidden,https://apple.stackexchange.com/questions/329070/certain-apps-occasionally-wont-unhide-once-hidden,2026-09-24
6,apple,1740,Aperture .aplibrary file is 3X (!) larger than the photos it points to,https://apple.stackexchange.com/questions/3743/aperture-aplibrary-file-is-3x-larger-than-the-photos-it-points-to,2026-09-24
5,superuser,31117,Windows 7 can't see exFat partition that I made in OSX Disk Utility,https://superuser.com/questions/302539/windows-7-cant-see-exfat-partition-that-i-made-in-osx-disk-utility,2026-09-24
5,superuser,9540,Change Docker disk space on macOS,https://superuser.com/questions/1181576/change-docker-disk-space-on-macos,2026-09-24
5,superuser,8520,"Microsoft Remote Desktop - ""Started Connecting, Giving Up""",https://superuser.com/questions/1314590/microsoft-remote-desktop-started-connecting-giving-up,2026-09-24
5,superuser,6529,Filesystems that handle data-duplication efficiently and transparently,https://superuser.com/questions/1547993/filesystems-that-handle-data-duplication-efficiently-and-transparently,2026-09-24
5,superuser,3871,Google drive file stream has encountered and has stopped OSX,https://superuser.com/questions/1399784/google-drive-file-stream-has-encountered-and-has-stopped-osx,2026-09-24
5,superuser,3724,Unable to start ubuntu 15.04 in Virtual box,https://superuser.com/questions/928426/unable-to-start-ubuntu-15-04-in-virtual-box,2026-09-24
5,superuser,1752,How to deal with a macOS error when using “gcloud storage cp -r?”,https://superuser.com/questions/1826879/how-to-deal-with-a-macos-error-when-using-gcloud-storage-cp-r,2026-09-24
5,superuser,1751,"Cannot edit calendar events for invitations received by mail (Nextcloud, via Thunderbird/CalDAV)",https://superuser.com/questions/1722512/cannot-edit-calendar-events-for-invitations-received-by-mail-nextcloud-via-thu,2026-09-24
5,stackoverflow,7671,brew installation error : Appears homebrew is already installed,https://stackoverflow.com/questions/18555378/brew-installation-error-appears-homebrew-is-already-installed,2026-09-24
5,stackoverflow,3223,"Updated to OSX 10.9, now getting ruby error using homebrew",https://stackoverflow.com/questions/19635804/updated-to-osx-10-9-now-getting-ruby-error-using-homebrew,2026-09-24
5,stackoverflow,551,No rule to make target '/opt/homebrew/Cellar/openssl@3/3.4.1/include/openssl/opensslv.h' installing php 8.4.11,https://stackoverflow.com/questions/79788800/no-rule-to-make-target-opt-homebrew-cellar-openssl3-3-4-1-include-openssl-ope,2026-09-24
5,stackoverflow,523,Weird write file issue on a drive with no space left on it,https://stackoverflow.com/questions/75662974/weird-write-file-issue-on-a-drive-with-no-space-left-on-it,2026-09-24
5,apple,23973,How to clean download cache of `softwareupdate`?,https://apple.stackexchange.com/questions/431215/how-to-clean-download-cache-of-softwareupdate,2026-09-24
5,apple,11776,Does an iTunes iOS device backup include everything on the device?,https://apple.stackexchange.com/questions/49199/does-an-itunes-ios-device-backup-include-everything-on-the-device,2026-09-24
5,apple,7508,Is an Archive Mailbox just a regular mailbox? Or is it special?,https://apple.stackexchange.com/questions/364971/is-an-archive-mailbox-just-a-regular-mailbox-or-is-it-special,2026-09-24
5,apple,5521,Can't update Xcode even with 19gb free space,https://apple.stackexchange.com/questions/370614/cant-update-xcode-even-with-19gb-free-space,2026-09-24
5,apple,3685,How can I retrieve picture files from the Photos App on Mac OS X (Yosemite)?,https://apple.stackexchange.com/questions/200180/how-can-i-retrieve-picture-files-from-the-photos-app-on-mac-os-x-yosemite,2026-09-24
5,apple,3320,How many photos can iPad handle?,https://apple.stackexchange.com/questions/55374/how-many-photos-can-ipad-handle,2026-09-24
5,apple,2480,"How can I configure the iPhone to send/receive mail through Gmail, but using a different e-mail address?",https://apple.stackexchange.com/questions/6383/how-can-i-configure-the-iphone-to-send-receive-mail-through-gmail-but-using-a-d,2026-09-24
5,apple,1567,Is there any way to have macOS Photos bulk convert all of my past JPEG images to HEIC format?,https://apple.stackexchange.com/questions/395555/is-there-any-way-to-have-macos-photos-bulk-convert-all-of-my-past-jpeg-images-to,2026-09-24
4,superuser,11388,"In which scenarios will Google Chrome clear its cache itself, not by user request?",https://superuser.com/questions/766866/in-which-scenarios-will-google-chrome-clear-its-cache-itself-not-by-user-reques,2026-09-24
4,superuser,3759,How to batch convert PNGs to JPEGs and preserve timestamps in filesystem & EXIF header?,https://superuser.com/questions/1668881/how-to-batch-convert-pngs-to-jpegs-and-preserve-timestamps-in-filesystem-exif,2026-09-24
4,superuser,3003,How can I make Samba's vfs fruit work with large macOS extended attributes on a Linux kernel?,https://superuser.com/questions/1795041/how-can-i-make-sambas-vfs-fruit-work-with-large-macos-extended-attributes-on-a,2026-09-24
4,superuser,2766,"Sparse Bundles grow in file size, but it's not supposed to shrink by deleting data. But my Sparse Bundles is able to auto resize, why is that?",https://superuser.com/questions/1816563/sparse-bundles-grow-in-file-size-but-its-not-supposed-to-shrink-by-deleting-da,2026-09-24
4,superuser,2685,"My Apple APFS partition is entirely full, and now I can't delete anything anymore. How do I fix this?",https://superuser.com/questions/1513586/my-apple-apfs-partition-is-entirely-full-and-now-i-cant-delete-anything-anymor,2026-09-24
4,superuser,1515,"Can I use only 2 of 3 displays with VMWare Fusion? OSX host, Win8.1 guest",https://superuser.com/questions/1048326/can-i-use-only-2-of-3-displays-with-vmware-fusion-osx-host-win8-1-guest,2026-09-24
4,superuser,726,Educate me - should I buy these prebuilt NAS (which is better) or make my own?,https://superuser.com/questions/244286/educate-me-should-i-buy-these-prebuilt-nas-which-is-better-or-make-my-own,2026-09-24
4,stackoverflow,19244,Android studio - emulator process for AVD has terminated - windows 11,https://stackoverflow.com/questions/75570537/android-studio-emulator-process-for-avd-has-terminated-windows-11,2026-09-24
4,stackoverflow,12406,Minikube running out of space and failing despite --disk-size flag,https://stackoverflow.com/questions/51755703/minikube-running-out-of-space-and-failing-despite-disk-size-flag,2026-09-24
4,stackoverflow,12215,"How to fix ""No available formula"" warning for Homebrew",https://stackoverflow.com/questions/49790557/how-to-fix-no-available-formula-warning-for-homebrew,2026-09-24
4,stackoverflow,10250,Problems installing applesimutils using Homebrew,https://stackoverflow.com/questions/56796772/problems-installing-applesimutils-using-homebrew,2026-09-24
4,stackoverflow,8118,Can't connect to mysql inside docker on osx,https://stackoverflow.com/questions/56677439/cant-connect-to-mysql-inside-docker-on-osx,2026-09-24
4,stackoverflow,3887,Unable to install Ruby on Mac with Homebrew,https://stackoverflow.com/questions/66920908/unable-to-install-ruby-on-mac-with-homebrew,2026-09-24
4,stackoverflow,3244,Remove entry from sys.path,https://stackoverflow.com/questions/28661448/remove-entry-from-sys-path,2026-09-24
4,stackoverflow,2681,pip getting killed in Docker,https://stackoverflow.com/questions/66258967/pip-getting-killed-in-docker,2026-09-24
4,stackoverflow,2068,osx - What's the difference between /usr/bin/python and /System/Library/Frameworks/Python.framework/Versions/2.7/bin/python2.7?,https://stackoverflow.com/questions/48740260/osx-whats-the-difference-between-usr-bin-python-and-system-library-framewor,2026-09-24
4,stackoverflow,1038,"Node.js process.exit() does not exit cleanly, and the dangers of async fs.writeFile",https://stackoverflow.com/questions/24445791/node-js-process-exit-does-not-exit-cleanly-and-the-dangers-of-async-fs-writef,2026-09-24
4,stackoverflow,817,Changing the AVDs / Emulator default path not working in windows,https://stackoverflow.com/questions/74001125/changing-the-avds-emulator-default-path-not-working-in-windows,2026-09-24
4,stackoverflow,514,Reverting environment to clean slate for Python in El Capitan,https://stackoverflow.com/questions/33700837/reverting-environment-to-clean-slate-for-python-in-el-capitan,2026-09-24
4,stackoverflow,497,expo-detox-hook is not installed in your osx Library (Expo + Detox + Travis),https://stackoverflow.com/questions/60387278/expo-detox-hook-is-not-installed-in-your-osx-library-expo-detox-travis,2026-09-24
4,apple,67063,Cannot delete mail from storage in Usage section of IPhone,https://apple.stackexchange.com/questions/157478/cannot-delete-mail-from-storage-in-usage-section-of-iphone,2026-09-24
4,apple,2438,photos library shows blanks after updating the library,https://apple.stackexchange.com/questions/416295/photos-library-shows-blanks-after-updating-the-library,2026-09-24
4,apple,2397,Importing a shared photo stream into iPhoto creates duplicate photos,https://apple.stackexchange.com/questions/153014/importing-a-shared-photo-stream-into-iphoto-creates-duplicate-photos,2026-09-24
4,apple,2142,Find and remove all photos below a certain size threshhold,https://apple.stackexchange.com/questions/88309/find-and-remove-all-photos-below-a-certain-size-threshhold,2026-09-24
4,apple,2009,"""Not Enough Local Storage"": How much local storage is needed for iCloud Photos with ""Optimize Mac Storage"" on?",https://apple.stackexchange.com/questions/427299/not-enough-local-storage-how-much-local-storage-is-needed-for-icloud-photos-w,2026-09-24
4,apple,1350,Local backup of iCloud Photo Library,https://apple.stackexchange.com/questions/283060/local-backup-of-icloud-photo-library,2026-09-24
3,superuser,41048,Why is windows 7 taking up so much hard drive space?,https://superuser.com/questions/428952/why-is-windows-7-taking-up-so-much-hard-drive-space,2026-09-24
3,superuser,16725,Can you install Ubuntu in a single partition?,https://superuser.com/questions/397758/can-you-install-ubuntu-in-a-single-partition,2026-09-24
3,superuser,15961,"On VirtualBox, how to to access the host CD drive from the virtual machine?",https://superuser.com/questions/1751487/on-virtualbox-how-to-to-access-the-host-cd-drive-from-the-virtual-machine,2026-09-24
3,superuser,14732,Kingston SSD with several bad blocks and zero reallocated sectors,https://superuser.com/questions/499218/kingston-ssd-with-several-bad-blocks-and-zero-reallocated-sectors,2026-09-24
3,superuser,10455,Windows 10 Memory Leak - Tags (poolmon) FMic and Irp - Nonpaged pool at 5.7GB,https://superuser.com/questions/1300134/windows-10-memory-leak-tags-poolmon-fmic-and-irp-nonpaged-pool-at-5-7gb,2026-09-24
3,superuser,5787,"Macbook Pro Kernel IO errors - Freezes, Extremely slow Boot",https://superuser.com/questions/246048/macbook-pro-kernel-io-errors-freezes-extremely-slow-boot,2026-09-24
3,superuser,4213,Can copy file to samba share with terminal but not from finder (OSX Maverick),https://superuser.com/questions/791199/can-copy-file-to-samba-share-with-terminal-but-not-from-finder-osx-maverick,2026-09-24
3,superuser,3350,Syncing cloud storage with external hard drive,https://superuser.com/questions/1185524/syncing-cloud-storage-with-external-hard-drive,2026-09-24
3,superuser,3305,What is the chrome command line argument in headless / no-sandbox-mode that picks the tmp directory?,https://superuser.com/questions/1345618/what-is-the-chrome-command-line-argument-in-headless-no-sandbox-mode-that-pick,2026-09-24
3,superuser,3244,Is there a way to clear all local storage but save cookies in macOS Chrome?,https://superuser.com/questions/1296730/is-there-a-way-to-clear-all-local-storage-but-save-cookies-in-macos-chrome,2026-09-24
3,superuser,3004,Ubuntu 12.04 VirtualBox on powerful W7 quite slow,https://superuser.com/questions/481922/ubuntu-12-04-virtualbox-on-powerful-w7-quite-slow,2026-09-24
3,superuser,2619,how much swap space is too much on x64 and will cause problems?,https://superuser.com/questions/709471/how-much-swap-space-is-too-much-on-x64-and-will-cause-problems,2026-09-24
3,superuser,2094,"""v"" key only works with ctrl, alt or shift, not when used on its own",https://superuser.com/questions/1199332/v-key-only-works-with-ctrl-alt-or-shift-not-when-used-on-its-own,2026-09-24
3,superuser,2037,How to remove docker storage on Mac,https://superuser.com/questions/1204129/how-to-remove-docker-storage-on-mac,2026-09-24
3,superuser,1041,What is this “iOS 18.1 Simulator Bundle” and why can't I delete it? It's not part of XCode,https://superuser.com/questions/1935630/what-is-this-ios-18-1-simulator-bundle-and-why-cant-i-delete-it-its-not-par,2026-09-24
3,superuser,822,How to properly resize storage partition dual-boot Macbook Pro?,https://superuser.com/questions/1325415/how-to-properly-resize-storage-partition-dual-boot-macbook-pro,2026-09-24
3,superuser,693,Docker Mac OS X disk utilization growing constantly,https://superuser.com/questions/973665/docker-mac-os-x-disk-utilization-growing-constantly,2026-09-24
3,superuser,666,How can i get itunes to backup my iphone with limited disk. I linked the backup dir to an ext drive with space yet still won't backup?,https://superuser.com/questions/923576/how-can-i-get-itunes-to-backup-my-iphone-with-limited-disk-i-linked-the-backup,2026-09-24
3,superuser,382,Is it possible to sync directory between two computers without direct connection through small intermediate storage device?,https://superuser.com/questions/1453182/is-it-possible-to-sync-directory-between-two-computers-without-direct-connection,2026-09-24
3,superuser,355,Recently-written files suddenly dropping to 4kb - OSX,https://superuser.com/questions/101905/recently-written-files-suddenly-dropping-to-4kb-osx,2026-09-24
3,superuser,58,User authorities for different windows 7 users,https://superuser.com/questions/1301536/user-authorities-for-different-windows-7-users,2026-09-24
3,stackoverflow,8304,Docker Volume - PG::DiskFull - No space left on device,https://stackoverflow.com/questions/68294692/docker-volume-pgdiskfull-no-space-left-on-device,2026-09-24
3,stackoverflow,3336,How to copy file from docker virtual machine to the host on OS X?,https://stackoverflow.com/questions/48608899/how-to-copy-file-from-docker-virtual-machine-to-the-host-on-os-x,2026-09-24
3,stackoverflow,3044,Android SDK thinks there is no space left on my hard drive,https://stackoverflow.com/questions/65588526/android-sdk-thinks-there-is-no-space-left-on-my-hard-drive,2026-09-24
3,stackoverflow,2002,Docker desktop on linux is using a lot of ram,https://stackoverflow.com/questions/73897833/docker-desktop-on-linux-is-using-a-lot-of-ram,2026-09-24
3,stackoverflow,1859,PostgreSQL Crashes When Doing Bulk Inserts with Node.js/Sequelize,https://stackoverflow.com/questions/59796832/postgresql-crashes-when-doing-bulk-inserts-with-node-js-sequelize,2026-09-24
3,stackoverflow,1601,How to get Docker Desktop on Mac to point to new location of VM Image?,https://stackoverflow.com/questions/69790221/how-to-get-docker-desktop-on-mac-to-point-to-new-location-of-vm-image,2026-09-24
3,stackoverflow,1403,How can I get free space back after deleting Android Studio emulators?,https://stackoverflow.com/questions/71777684/how-can-i-get-free-space-back-after-deleting-android-studio-emulators,2026-09-24
3,stackoverflow,1344,Pod memory usage grows indefinitely,https://stackoverflow.com/questions/52499869/pod-memory-usage-grows-indefinitely,2026-09-24
3,stackoverflow,1298,How to reduce size of a SQL server docker volume after deleting unused databases?,https://stackoverflow.com/questions/58803944/how-to-reduce-size-of-a-sql-server-docker-volume-after-deleting-unused-databases,2026-09-24
3,stackoverflow,1240,Alpine Linux - root mounted as ro iso9660 filesystem how can I remount as rw overlay?,https://stackoverflow.com/questions/50370062/alpine-linux-root-mounted-as-ro-iso9660-filesystem-how-can-i-remount-as-rw-ove,2026-09-24
3,stackoverflow,1188,"Each time I build my Android app (running on phone), I lose disk space",https://stackoverflow.com/questions/29501629/each-time-i-build-my-android-app-running-on-phone-i-lose-disk-space,2026-09-24
3,stackoverflow,1116,Out of memory on resource loading for Android game,https://stackoverflow.com/questions/9480224/out-of-memory-on-resource-loading-for-android-game,2026-09-24
3,stackoverflow,1062,"Visual Studio 2022, Maui, Android Emulator: unable to change amount of memory",https://stackoverflow.com/questions/77154189/visual-studio-2022-maui-android-emulator-unable-to-change-amount-of-memory,2026-09-24
3,apple,9887,how reduce the size of all photos in my iPhoto library?,https://apple.stackexchange.com/questions/105799/how-reduce-the-size-of-all-photos-in-my-iphoto-library,2026-09-24
3,apple,3964,"What is ""~/Fotos Library.photoslibrary/resources/media/master"" used for?",https://apple.stackexchange.com/questions/314874/what-is-fotos-library-photoslibrary-resources-media-master-used-for,2026-09-24
3,apple,3618,Does archived mail count towards your iCloud storage allowance?,https://apple.stackexchange.com/questions/36981/does-archived-mail-count-towards-your-icloud-storage-allowance,2026-09-24
3,apple,3070,Can I use multiple gmail-based accounts with the same username (but different domains) with Mail.app & IMAP?,https://apple.stackexchange.com/questions/3536/can-i-use-multiple-gmail-based-accounts-with-the-same-username-but-different-do,2026-09-24
3,apple,2019,Apple Mail: Move thousands of locally stored mails to IMAP accounts,https://apple.stackexchange.com/questions/383625/apple-mail-move-thousands-of-locally-stored-mails-to-imap-accounts,2026-09-24
3,apple,1758,Moving large system directories to another drive and using symlink?,https://apple.stackexchange.com/questions/114123/moving-large-system-directories-to-another-drive-and-using-symlink,2026-09-24
3,apple,1356,Is there a possibility to run a custom Notes server for iOS?,https://apple.stackexchange.com/questions/379895/is-there-a-possibility-to-run-a-custom-notes-server-for-ios,2026-09-24
3,apple,1162,How to Remove Attachments in the Mail app in 10.12 Sierra,https://apple.stackexchange.com/questions/297523/how-to-remove-attachments-in-the-mail-app-in-10-12-sierra,2026-09-24
3,apple,835,Transfer 100Gb photos from iPhone to Mac without Photos / Image Capture,https://apple.stackexchange.com/questions/405882/transfer-100gb-photos-from-iphone-to-mac-without-photos-image-capture,2026-09-24
3,apple,535,Why hasn’t the size of my “Mail” folder reduced after upgrading to macOS High Sierra?,https://apple.stackexchange.com/questions/300256/why-hasn-t-the-size-of-my-mail-folder-reduced-after-upgrading-to-macos-high-si,2026-09-24
3,apple,490,How to resize multiple photos (batch) in Apple Photos app on macOS,https://apple.stackexchange.com/questions/443206/how-to-resize-multiple-photos-batch-in-apple-photos-app-on-macos,2026-09-24
3,apple,255,How to keep mail messages on servers for Apple mail?,https://apple.stackexchange.com/questions/336545/how-to-keep-mail-messages-on-servers-for-apple-mail,2026-09-24
3,apple,145,Mail storage issue,https://apple.stackexchange.com/questions/260852/mail-storage-issue,2026-09-24
2,superuser,47788,how to download very large files in chrome,https://superuser.com/questions/1704792/how-to-download-very-large-files-in-chrome,2026-09-24
2,superuser,13956,LaCie external drive suddenly not recognized anywhere,https://superuser.com/questions/1316018/lacie-external-drive-suddenly-not-recognized-anywhere,2026-09-24
2,superuser,6651,Why does storage overview on my Mac say 50GB is used when I don’t see that much data stored in my Documents folder?,https://superuser.com/questions/1508753/why-does-storage-overview-on-my-mac-say-50gb-is-used-when-i-don-t-see-that-much,2026-09-24
2,superuser,3940,How to improve laptop performance?,https://superuser.com/questions/41202/how-to-improve-laptop-performance,2026-09-24
2,superuser,3141,Why do my external USB hard drives become slower when I have filled them up only to a third?,https://superuser.com/questions/942198/why-do-my-external-usb-hard-drives-become-slower-when-i-have-filled-them-up-only,2026-09-24
2,superuser,2367,Significant lag on Mac OS X 10.7.5,https://superuser.com/questions/625041/significant-lag-on-mac-os-x-10-7-5,2026-09-24
2,superuser,2031,How to merge empty partitions to main partition without data loss in main in macOS?,https://superuser.com/questions/1561215/how-to-merge-empty-partitions-to-main-partition-without-data-loss-in-main-in-mac,2026-09-24
2,superuser,1309,High disk usage after recovering from standby in Windows 7 when switching from one app to the others,https://superuser.com/questions/928876/high-disk-usage-after-recovering-from-standby-in-windows-7-when-switching-from-o,2026-09-24
2,superuser,1069,"Resizing MacOSX Leopard partition (Boot Camp, VMWare Fusion 2.0 and Windows XP Pro)",https://superuser.com/questions/122552/resizing-macosx-leopard-partition-boot-camp-vmware-fusion-2-0-and-windows-xp-p,2026-09-24
2,superuser,869,How can I add more columns to the list of files in a File Share in Azure Storage Explorer?,https://superuser.com/questions/1595959/how-can-i-add-more-columns-to-the-list-of-files-in-a-file-share-in-azure-storage,2026-09-24
2,superuser,681,Computer suddenly very slow,https://superuser.com/questions/1433097/computer-suddenly-very-slow,2026-09-24
2,superuser,668,How to enable the rebroadcasting of bonjour packets coming from a device connected to a Mac's ethernet while sharing wifi onto the wifi segment?,https://superuser.com/questions/1430442/how-to-enable-the-rebroadcasting-of-bonjour-packets-coming-from-a-device-connect,2026-09-24
2,superuser,404,Transferring Files Over Ethernet to Network Storage Kills Internet Connection,https://superuser.com/questions/904427/transferring-files-over-ethernet-to-network-storage-kills-internet-connection,2026-09-24
2,superuser,309,How can you modify the file size property or read more bytes than it indicates?,https://superuser.com/questions/1049888/how-can-you-modify-the-file-size-property-or-read-more-bytes-than-it-indicates,2026-09-24
2,superuser,169,New PC - Disk Spiking to 100%,https://superuser.com/questions/1355436/new-pc-disk-spiking-to-100,2026-09-24
2,superuser,161,"MacBook Pro, Storage Space Gone After Merging All Partitions",https://superuser.com/questions/1518752/macbook-pro-storage-space-gone-after-merging-all-partitions,2026-09-24
2,superuser,91,Unable to format USB due to old file corruption,https://superuser.com/questions/995779/unable-to-format-usb-due-to-old-file-corruption,2026-09-24
2,stackoverflow,2351,Emulator Not Starting-up in Android Studio: The emulator process for AVD has terminated,https://stackoverflow.com/questions/79185816/emulator-not-starting-up-in-android-studio-the-emulator-process-for-avd-has-ter,2026-09-24
2,stackoverflow,1213,Reducing qemu snapshot file size,https://stackoverflow.com/questions/16301429/reducing-qemu-snapshot-file-size,2026-09-24
2,stackoverflow,833,Google Drive & Android - read failed: EBADF (Bad file number),https://stackoverflow.com/questions/40368113/google-drive-android-read-failed-ebadf-bad-file-number,2026-09-24
2,stackoverflow,451,How to run Android Instrumented Tests from Docker Container?,https://stackoverflow.com/questions/79425218/how-to-run-android-instrumented-tests-from-docker-container,2026-09-24
2,stackoverflow,346,Change the path where Flutter looks for android emulators,https://stackoverflow.com/questions/74801965/change-the-path-where-flutter-looks-for-android-emulators,2026-09-24
2,stackoverflow,342,"Docker based local postgres database gives disk space error during data population, however there appears to be plenty of space",https://stackoverflow.com/questions/79636274/docker-based-local-postgres-database-gives-disk-space-error-during-data-populati,2026-09-24
2,stackoverflow,291,Flutter real device is not recognised,https://stackoverflow.com/questions/72942135/flutter-real-device-is-not-recognised,2026-09-24
2,apple,2050,Reading large .mbox email files without importing to Mail?,https://apple.stackexchange.com/questions/382492/reading-large-mbox-email-files-without-importing-to-mail,2026-09-24
2,apple,1856,How is iOS capable of storing two photos with the **exact** same filename in the same folder?,https://apple.stackexchange.com/questions/396986/how-is-ios-capable-of-storing-two-photos-with-the-exact-same-filename-in-the,2026-09-24
2,apple,1024,Reclaiming Disk Space on my Mac,https://apple.stackexchange.com/questions/145268/reclaiming-disk-space-on-my-mac,2026-09-24
2,apple,492,MacOS Catalina - Deleting files isn't freeing up needed space,https://apple.stackexchange.com/questions/374643/macos-catalina-deleting-files-isnt-freeing-up-needed-space,2026-09-24
1,superuser,15002,How can I add a new partition to my HD without reformatting?,https://superuser.com/questions/256299/how-can-i-add-a-new-partition-to-my-hd-without-reformatting,2026-09-24
1,superuser,10313,OSX Partition failed with the error: The chosen size is not valid for the chosen file system,https://superuser.com/questions/923490/osx-partition-failed-with-the-error-the-chosen-size-is-not-valid-for-the-chosen,2026-09-24
1,superuser,2532,"Docker/OSX can't find reason for ""no space left on device""",https://superuser.com/questions/1441454/docker-osx-cant-find-reason-for-no-space-left-on-device,2026-09-24
1,superuser,1832,Snow Leopard and VMWare Fusion 2 + 3,https://superuser.com/questions/62496/snow-leopard-and-vmware-fusion-2-3,2026-09-24
1,superuser,1342,"Macbook Air 6,1, Black Screen of Death",https://superuser.com/questions/1272400/macbook-air-6-1-black-screen-of-death,2026-09-24
1,superuser,1341,Which is correct: OSX Activity Monitor Swap Space Used Zero or Bash TOP command Zero Free?,https://superuser.com/questions/1190513/which-is-correct-osx-activity-monitor-swap-space-used-zero-or-bash-top-command,2026-09-24
1,superuser,1118,"Spotlight in Snow Leopard was instantaneous but has gotten slow, I've tried reindexing",https://superuser.com/questions/215839/spotlight-in-snow-leopard-was-instantaneous-but-has-gotten-slow-ive-tried-rein,2026-09-24
1,superuser,771,osx split external hard drive partition,https://superuser.com/questions/256394/osx-split-external-hard-drive-partition,2026-09-24
1,superuser,428,OSX Reformat and Restore with Time Machine,https://superuser.com/questions/641694/osx-reformat-and-restore-with-time-machine,2026-09-24
1,superuser,277,mac osx lion - file size is less than 1mb- not booting,https://superuser.com/questions/535864/mac-osx-lion-file-size-is-less-than-1mb-not-booting,2026-09-24
1,superuser,217,How to update OSX when space is tight?,https://superuser.com/questions/232195/how-to-update-osx-when-space-is-tight,2026-09-24
1,superuser,67,Mac mini - how to properly shut down External Drives,https://superuser.com/questions/1651549/mac-mini-how-to-properly-shut-down-external-drives,2026-09-24
1,stackoverflow,2679,Python giving OSError: [Errno 27] File too large on very small files with enough disk space/memory available,https://stackoverflow.com/questions/61064673/python-giving-oserror-errno-27-file-too-large-on-very-small-files-with-enough,2026-09-24
1,stackoverflow,2475,"""virtual memory exhausted"" when building Docker image",https://stackoverflow.com/questions/45049741/virtual-memory-exhausted-when-building-docker-image,2026-09-24
1,stackoverflow,288,How can I set docker to use an existing disk image in another location?,https://stackoverflow.com/questions/59753625/how-can-i-set-docker-to-use-an-existing-disk-image-in-another-location,2026-09-24
1,stackoverflow,265,.dockerignore problems : ERROR: Service 'web' failed to build: manifest for php:5-apache-dev not found: manifest unknown: manifest unknown,https://stackoverflow.com/questions/65260052/dockerignore-problems-error-service-web-failed-to-build-manifest-for-php,2026-09-24
1,stackoverflow,138,how to enlarge docker container size?,https://stackoverflow.com/questions/62648183/how-to-enlarge-docker-container-size,2026-09-24
0,superuser,377,Samba Share (Debian Squeeze) OSX Finder does not recognize free space after upgrade to Lion,https://superuser.com/questions/359738/samba-share-debian-squeeze-osx-finder-does-not-recognize-free-space-after-upgr,2026-09-24
0,superuser,261,Unable to install Docker desktop on Apple Silicon due to undocumented bug regarding storage space,https://superuser.com/questions/1837491/unable-to-install-docker-desktop-on-apple-silicon-due-to-undocumented-bug-regard,2026-09-24
0,superuser,117,osx disable osx upgrade,https://superuser.com/questions/1111522/osx-disable-osx-upgrade,2026-09-24
0,superuser,102,Docker for Mac uses disk space when containers start,https://superuser.com/questions/1493748/docker-for-mac-uses-disk-space-when-containers-start,2026-09-24
0,stackoverflow,2853,"Docker Desktop Mac: No space left on device, Postgres",https://stackoverflow.com/questions/68717896/docker-desktop-mac-no-space-left-on-device-postgres,2026-09-24
0,stackoverflow,2824,Sudden I/O errors with docker-compose,https://stackoverflow.com/questions/68845635/sudden-i-o-errors-with-docker-compose,2026-09-24
0,stackoverflow,1544,Why is my new ddev Drupal 10 project failing to start?,https://stackoverflow.com/questions/76775343/why-is-my-new-ddev-drupal-10-project-failing-to-start,2026-09-24
0,stackoverflow,1395,Big disagreement on available disk space between df and du on mac os,https://stackoverflow.com/questions/62237041/big-disagreement-on-available-disk-space-between-df-and-du-on-mac-os,2026-09-24
0,stackoverflow,789,How do I move docker vm to SD card?,https://stackoverflow.com/questions/53809208/how-do-i-move-docker-vm-to-sd-card,2026-09-24
0,stackoverflow,723,MacOS building docker image with non-root user gets stuck,https://stackoverflow.com/questions/67489937/macos-building-docker-image-with-non-root-user-gets-stuck,2026-09-24
0,stackoverflow,701,"docker system prune -a doesn't clean space, but troubleshoot option does",https://stackoverflow.com/questions/77567728/docker-system-prune-a-doesnt-clean-space-but-troubleshoot-option-does,2026-09-24
0,stackoverflow,559,Why is my Docker.raw file taking up so much space?,https://stackoverflow.com/questions/79562909/why-is-my-docker-raw-file-taking-up-so-much-space,2026-09-24
0,stackoverflow,500,"Docker: Install pip packages in the image, on the host, or both?",https://stackoverflow.com/questions/69513128/docker-install-pip-packages-in-the-image-on-the-host-or-both,2026-09-24
0,stackoverflow,387,run docker on a remote windows server from a non windows box,https://stackoverflow.com/questions/53961597/run-docker-on-a-remote-windows-server-from-a-non-windows-box,2026-09-24
0,stackoverflow,316,Binary characters returned when reading from socket.getInpitStream(),https://stackoverflow.com/questions/44082745/binary-characters-returned-when-reading-from-socket-getinpitstream,2026-09-24
0,stackoverflow,252,SQL Server shrinkfile fails with tempdb full of active transactions,https://stackoverflow.com/questions/68774236/sql-server-shrinkfile-fails-with-tempdb-full-of-active-transactions,2026-09-24
0,stackoverflow,100,Different aspect of an earlier question: Why doesn't test for existence of Docker working does not work when run from geek_scripts?,https://stackoverflow.com/questions/57120776/different-aspect-of-an-earlier-question-why-doesnt-test-for-existence-of-docke,2026-09-24
0,stackoverflow,53,Docker API Push from Mac os,https://stackoverflow.com/questions/65566749/docker-api-push-from-mac-os,2026-09-24
